solve_num,solve_time_ms,solve_iters,coord_mode,node,t,theta,tgt_x,tgt_y,tgt_z,tgt_vx,tgt_vy,tgt_vz,circle_center_x,circle_center_y,circle_center_z,circle_radius,circle_omega,circle_phi0,circle_t_abs,abs_x,abs_y,abs_z,abs_vx,abs_vy,abs_vz,abs_qw,abs_qx,abs_qy,abs_qz,abs_wx,abs_wy,abs_wz,fz,mx,my,mz,rel_x,rel_y,rel_z,rel_vx,rel_vy,rel_vz,rel_qw,rel_qx,rel_qy,rel_qz,rel_wx,rel_wy,rel_wz
0,1169.398049,785,absolute,0,0.000000,0.050000,-1.423952,1.404407,1.500000,-0.561763,-0.569581,0.000000,0.000000,0.000000,1.500000,2.000000,0.400000,-709825284.473571,1774563232.799654,-0.000025,-0.000095,3.986711,0.000044,-0.000019,0.000496,1.000000,-0.000065,0.000048,-0.000050,0.000014,0.000000,0.000000,0.136839,0.001969,-0.050777,0.009003,1.423927,-1.404502,2.486711,0.561807,0.569562,0.000496,1.000000,-0.000065,0.000048,-0.000050,0.000014,0.000000,0.000000
0,1169.398049,785,absolute,1,0.100000,0.050000,-1.478975,1.346341,1.500000,-0.538536,-0.591590,0.000000,0.000000,0.000000,1.500000,2.000000,0.400000,-709825284.473571,1774563232.799654,-0.000023,-0.000095,3.980808,0.000063,0.000014,-0.236597,1.000000,-0.000064,0.000016,-0.000047,0.000112,-0.002539,0.000256,0.265182,-0.004052,-0.048104,0.008621,1.478952,-1.346436,2.480808,0.538599,0.591604,-0.236597,1.000000,-0.000064,0.000016,-0.000047,0.000112,-0.002539,0.000256
0,1169.398049,785,absolute,2,0.200000,0.050000,-1.531631,1.286121,1.500000,-0.514448,-0.612652,0.000000,0.000000,0.000000,1.500000,2.000000,0.400000,-709825284.473571,1774563232.799654,-0.000020,-0.000092,3.968993,0.000037,0.000076,-0.236020,1.000000,-0.000063,-0.000078,-0.000037,-0.000090,-0.004944,0.000501,0.267847,-0.009891,-0.047646,0.009173,1.531611,-1.286213,2.468993,0.514486,0.612729,-0.236020,1.000000,-0.000063,-0.000078,-0.000037,-0.000090,-0.004944,0.000501
0,1169.398049,785,absolute,3,0.300000,0.050000,-1.581837,1.223843,1.500000,-0.489537,-0.632735,0.000000,0.000000,0.000000,1.500000,2.000000,0.400000,-709825284.473571,1774563232.799654,-0.000021,-0.000087,3.957330,-0.000111,0.000142,-0.230507,1.000000,-0.000072,-0.000231,-0.000022,-0.000585,-0.007326,0.000762,0.257268,-0.013249,-0.048236,0.011309,1.581816,-1.223930,2.457330,0.489426,0.632877,-0.230507,1.000000,-0.000072,-0.000231,-0.000022,-0.000585,-0.007326,0.000762
0,1169.398049,785,absolute,4,0.400000,0.050000,-1.629512,1.159607,1.500000,-0.463843,-0.651805,0.000000,0.000000,0.000000,1.500000,2.000000,0.400000,-709825284.473571,1774563232.799654,-0.000034,-0.000078,3.945452,-0.000428,0.000220,-0.244585,1.000000,-0.000095,-0.000444,0.000002,-0.001247,-0.009738,0.001083,0.237651,-0.014522,-0.049330,0.014806,1.629479,-1.159686,2.445452,0.463415,0.652025,-0.244585,1.000000,-0.000095,-0.000444,0.000002,-0.001247,-0.009738,0.001083
0,1169.398049,785,absolute,5,0.500000,0.095950,-1.674581,1.093517,1.500000,-0.437407,-0.669832,0.000000,0.000000,0.000000,1.500000,2.000000,0.400000,-709825284.473571,1774563232.799654,-0.000067,-0.000065,3.931963,-0.000935,0.000320,-0.294990,1.000000,-0.000135,-0.000719,0.000034,-0.001972,-0.012205,0.001504,0.235044,-0.013572,-0.046908,0.018024,1.674514,-1.093582,2.431963,0.436472,0.670152,-0.294990,1.000000,-0.000135,-0.000719,0.000034,-0.001972,-0.012205,0.001504
0,1169.398049,785,absolute,6,0.600000,0.192075,-1.716970,1.025677,1.500000,-0.410271,-0.686788,0.000000,0.000000,0.000000,1.500000,2.000000,0.400000,-709825284.473571,1774563232.799654,-0.000231,-0.000020,3.898574,-0.002685,0.000642,-0.400984,0.999999,-0.000261,-0.001412,0.000130,-0.003272,-0.016706,0.002487,0.251650,-0.000365,-0.030387,0.018850,1.716739,-1.025697,2.398574,0.407586,0.687430,-0.400984,0.999999,-0.000261,-0.001412,0.000130,-0.003272,-0.016706,0.002487
0,1169.398049,785,absolute,7,0.700000,0.200000,-1.756613,0.956196,1.500000,-0.382478,-0.702645,0.000000,0.000000,0.000000,1.500000,2.000000,0.400000,-709825284.473571,1774563232.799654,-0.001432,0.000229,3.812521,-0.010948,0.002140,-0.495050,0.999994,-0.000578,-0.003297,0.000467,-0.003332,-0.022544,0.004545,0.263266,0.033112,0.005928,0.018463,1.755181,-0.955967,2.312521,0.371530,0.704785,-0.495050,0.999994,-0.000578,-0.003297,0.000467,-0.003332,-0.022544,0.004545
0,1169.398049,785,absolute,8,0.800000,0.200000,-1.793446,0.885185,1.500000,-0.354074,-0.717378,0.000000,0.000000,0.000000,1.500000,2.000000,0.400000,-709825284.473571,1774563232.799654,-0.005197,0.000903,3.712317,-0.028126,0.004602,-0.507008,0.999984,-0.000580,-0.005492,0.001028,0.003309,-0.021358,0.006645,0.264940,0.052160,0.032913,0.017786,1.788249,-0.884282,2.212317,0.325948,0.721980,-0.507008,0.999984,-0.000580,-0.005492,0.001028,0.003309,-0.021358,0.006645
0,1169.398049,785,absolute,9,0.900000,0.200000,-1.827409,0.812758,1.500000,-0.325103,-0.730964,0.000000,0.000000,0.000000,1.500000,2.000000,0.400000,-709825284.473571,1774563232.799654,-0.013236,0.001971,3.610952,-0.053440,0.005515,-0.506655,0.999972,0.000271,-0.007296,0.001800,0.013762,-0.014766,0.008667,0.264728,0.056230,0.048275,0.017116,1.814174,-0.810787,2.110952,0.271664,0.736479,-0.506655,0.999972,0.000271,-0.007296,0.001800,0.013762,-0.014766,0.008667
0,1169.398049,785,absolute,10,1.000000,0.200000,-1.858449,0.739031,1.500000,-0.295612,-0.743380,0.000000,0.000000,0.000000,1.500000,2.000000,0.400000,-709825284.473571,1774563232.799654,-0.026945,0.002745,3.509492,-0.084300,0.000959,-0.507958,0.999959,0.002204,-0.008286,0.002778,0.025022,-0.005082,0.010613,0.265366,0.049340,0.054189,0.016463,1.831504,-0.736286,2.009492,0.211312,0.744338,-0.507958,0.999959,0.002204,-0.008286,0.002778,0.025022,-0.005082,0.010613
0,1169.398049,785,absolute,11,1.100000,0.200000,-1.886516,0.664122,1.500000,-0.265649,-0.754606,0.000000,0.000000,0.000000,1.500000,2.000000,0.400000,-709825284.473571,1774563232.799654,-0.047089,0.001701,3.408237,-0.117098,-0.013364,-0.504610,0.999945,0.005190,-0.008244,0.003959,0.034889,0.005809,0.012485,0.270013,0.035763,0.053085,0.015749,1.839427,-0.662421,1.908237,0.148550,0.741242,-0.504610,0.999945,0.005190,-0.008244,0.003959,0.034889,0.005809,0.012485
0,1169.398049,785,absolute,12,1.200000,0.164093,-1.911565,0.588150,1.500000,-0.235260,-0.764626,0.000000,0.000000,0.000000,1.500000,2.000000,0.400000,-709825284.473571,1774563232.799654,-0.073680,-0.003549,3.311082,-0.148049,-0.041691,-0.466962,0.999920,0.009020,-0.007120,0.005335,0.042019,0.016504,0.014275,0.277974,0.020284,0.047803,0.014885,1.837884,-0.591699,1.811082,0.087211,0.722935,-0.466962,0.999920,0.009020,-0.007120,0.005335,0.042019,0.016504,0.014275
0,1169.398049,785,absolute,13,1.300000,0.110807,-1.933555,0.511238,1.500000,-0.204495,-0.773422,0.000000,0.000000,0.000000,1.500000,2.000000,0.400000,-709825284.473571,1774563232.799654,-0.099791,-0.013224,3.240950,-0.169218,-0.078237,-0.387857,0.999884,0.012584,-0.005433,0.006604,0.045309,0.024429,0.015664,0.285264,0.003419,0.036771,0.013468,1.833765,-0.524462,1.740950,0.035277,0.695185,-0.387857,0.999884,0.012584,-0.005433,0.006604,0.045309,0.024429,0.015664
0,1169.398049,785,absolute,14,1.400000,0.052623,-1.952453,0.433507,1.500000,-0.173403,-0.780981,0.000000,0.000000,0.000000,1.500000,2.000000,0.400000,-709825284.473571,1774563232.799654,-0.119173,-0.023638,3.202583,-0.180028,-0.110705,-0.304663,0.999850,0.015089,-0.003959,0.007527,0.045652,0.028566,0.016512,0.285192,-0.011588,0.022839,0.011720,1.833280,-0.457145,1.702583,-0.006625,0.670277,-0.304663,0.999850,0.015089,-0.003959,0.007527,0.045652,0.028566,0.016512
0,1169.398049,785,absolute,15,1.500000,0.050000,-1.968227,0.355083,1.500000,-0.142033,-0.787291,0.000000,0.000000,0.000000,1.500000,2.000000,0.400000,-709825284.473571,1774563232.799654,-0.128751,-0.029918,3.187585,-0.183868,-0.128167,-0.265343,0.999831,0.016274,-0.003189,0.007983,0.045023,0.029798,0.016863,0.277286,-0.024859,0.008471,0.010076,1.839475,-0.385001,1.687585,-0.041835,0.659123,-0.265343,0.999831,0.016274,-0.003189,0.007983,0.045023,0.029798,0.016863
0,1169.398049,785,absolute,16,1.600000,0.050000,-1.980852,0.276091,1.500000,-0.110436,-0.792341,0.000000,0.000000,0.000000,1.500000,2.000000,0.400000,-709825284.473571,1774563232.799654,-0.138017,-0.036754,3.174886,-0.186616,-0.145470,-0.242650,0.999811,0.017376,-0.002437,0.008423,0.043760,0.030250,0.017149,0.269285,-0.034675,-0.002094,0.008804,1.842835,-0.312845,1.674886,-0.076179,0.646871,-0.242650,0.999811,0.017376,-0.002437,0.008423,0.043760,0.030250,0.017149
0,1169.398049,785,absolute,17,1.700000,0.050000,-1.990308,0.196657,1.500000,-0.078663,-0.796123,0.000000,0.000000,0.000000,1.500000,2.000000,0.400000,-709825284.473571,1774563232.799654,-0.147398,-0.044470,3.162949,-0.188514,-0.163349,-0.234798,0.999789,0.018441,-0.001680,0.008871,0.042007,0.030173,0.017400,0.265151,-0.042613,-0.010468,0.007784,1.842910,-0.241127,1.662949,-0.109851,0.632774,-0.234798,0.999789,0.018441,-0.001680,0.008871,0.042007,0.030173,0.017400
0,1169.398049,785,absolute,18,1.800000,0.050000,-1.996580,0.116909,1.500000,-0.046764,-0.798632,0.000000,0.000000,0.000000,1.500000,2.000000,0.400000,-709825284.473571,1774563232.799654,-0.156855,-0.053099,3.151214,-0.189626,-0.181969,-0.234632,0.999767,0.019457,-0.000931,0.009324,0.039856,0.029677,0.017621,0.263871,-0.049377,-0.017296,0.006965,1.839725,-0.170008,1.651214,-0.142862,0.616663,-0.234632,0.999767,0.019457,-0.000931,0.009324,0.039856,0.029677,0.017621
0,1169.398049,785,absolute,19,1.900000,0.050000,-1.999658,0.036973,1.500000,-0.014789,-0.799863,0.000000,0.000000,0.000000,1.500000,2.000000,0.400000,-709825284.473571,1774563232.799654,-0.166348,-0.062681,3.139426,-0.189990,-0.201458,-0.236872,0.999744,0.020414,-0.000200,0.009782,0.037368,0.028838,0.017819,0.263996,-0.055226,-0.022909,0.006291,1.833310,-0.099654,1.639426,-0.175201,0.598405,-0.236872,0.999744,0.020414,-0.000200,0.009782,0.037368,0.028838,0.017819
0,1169.398049,785,absolute,20,2.000000,0.050000,-1.999537,-0.043021,1.500000,0.017209,-0.799815,0.000000,0.000000,0.000000,1.500000,2.000000,0.400000,-709825284.473571,1774563232.799654,-0.175842,-0.073260,3.127532,-0.189633,-0.221853,-0.238915,0.999720,0.021307,0.000507,0.010244,0.034587,0.027717,0.017998,0.264503,-0.060284,-0.027495,0.005718,1.823696,-0.030238,1.627532,-0.206842,0.577962,-0.238915,0.999720,0.021307,0.000507,0.010244,0.034587,0.027717,0.017998
0,1169.398049,785,absolute,21,2.100000,0.050000,-1.996217,-0.122947,1.500000,0.049179,-0.798487,0.000000,0.000000,0.000000,1.500000,2.000000,0.400000,-709825284.473571,1774563232.799654,-0.185300,-0.084881,3.115558,-0.188581,-0.243119,-0.240059,0.999697,0.022126,0.001181,0.010710,0.031554,0.026365,0.018160,0.264918,-0.064690,-0.031227,0.005218,1.810918,0.038066,1.615558,-0.237760,0.555368,-0.240059,0.999697,0.022126,0.001181,0.010710,0.031554,0.026365,0.018160
0,1169.398049,785,absolute,22,2.200000,0.050000,-1.989704,-0.202676,1.500000,0.081070,-0.795882,0.000000,0.000000,0.000000,1.500000,2.000000,0.400000,-709825284.473571,1774563232.799654,-0.194689,-0.097585,3.103545,-0.186864,-0.265176,-0.240469,0.999674,0.022868,0.001819,0.011179,0.028302,0.024825,0.018309,0.265145,-0.068537,-0.034226,0.004771,1.795015,0.105091,1.603545,-0.267935,0.530706,-0.240469,0.999674,0.022868,0.001819,0.011179,0.028302,0.024825,0.018309
0,1169.398049,785,absolute,23,2.300000,0.050000,-1.980008,-0.282081,1.500000,0.112832,-0.792003,0.000000,0.000000,0.000000,1.500000,2.000000,0.400000,-709825284.473571,1774563232.799654,-0.203976,-0.111410,3.091521,-0.184522,-0.287932,-0.240493,0.999652,0.023527,0.002415,0.011651,0.024859,0.023132,0.018444,0.265228,-0.071894,-0.036583,0.004362,1.776032,0.170671,1.591521,-0.297355,0.504071,-0.240493,0.999652,0.023527,0.002415,0.011651,0.024859,0.023132,0.018444
0,1169.398049,785,absolute,24,2.400000,0.050000,-1.967144,-0.361034,1.500000,0.144414,-0.786857,0.000000,0.000000,0.000000,1.500000,2.000000,0.400000,-709825284.473571,1774563232.799654,-0.213131,-0.126388,3.079499,-0.181598,-0.311290,-0.240396,0.999632,0.024097,0.002966,0.012125,0.021248,0.021319,0.018568,0.265234,-0.074817,-0.038372,0.003981,1.754012,0.234646,1.579499,-0.326012,0.475567,-0.240396,0.999632,0.024097,0.002966,0.012125,0.021248,0.021319,0.018568
0,1169.398049,785,absolute,25,2.500000,0.050000,-1.951133,-0.439410,1.500000,0.175764,-0.780453,0.000000,0.000000,0.000000,1.500000,2.000000,0.400000,-709825284.473571,1774563232.799654,-0.222127,-0.142547,3.067481,-0.178138,-0.335157,-0.240314,0.999613,0.024577,0.003470,0.012601,0.017493,0.019414,0.018681,0.265213,-0.077352,-0.039657,0.003621,1.729006,0.296863,1.567481,-0.353902,0.445296,-0.240314,0.999613,0.024577,0.003470,0.012601,0.017493,0.019414,0.018681
0,1169.398049,785,absolute,26,2.600000,0.050000,-1.932000,-0.517083,1.500000,0.206833,-0.772800,0.000000,0.000000,0.000000,1.500000,2.000000,0.400000,-709825284.473571,1774563232.799654,-0.230937,-0.159911,3.055466,-0.174191,-0.359438,-0.240294,0.999595,0.024961,0.003924,0.013079,0.013612,0.017442,0.018784,0.265189,-0.079526,-0.040485,0.003275,1.701063,0.357172,1.555466,-0.381025,0.413362,-0.240294,0.999595,0.024961,0.003924,0.013079,0.013612,0.017442,0.018784
0,1169.398049,785,absolute,27,2.700000,0.050000,-1.909777,-0.593929,1.500000,0.237572,-0.763911,0.000000,0.000000,0.000000,1.500000,2.000000,0.400000,-709825284.473571,1774563232.799654,-0.239539,-0.178497,3.043450,-0.169808,-0.384039,-0.240340,0.999580,0.025248,0.004327,0.013559,0.009624,0.015426,0.018877,0.265166,-0.081349,-0.040891,0.002938,1.670238,0.415433,1.543450,-0.407380,0.379871,-0.240340,0.999580,0.025248,0.004327,0.013559,0.009624,0.015426,0.018877
0,1169.398049,785,absolute,28,2.800000,0.050000,-1.884499,-0.669825,1.500000,0.267930,-0.753799,0.000000,0.000000,0.000000,1.500000,2.000000,0.400000,-709825284.473571,1774563232.799654,-0.247911,-0.198319,3.031431,-0.165041,-0.408863,-0.240442,0.999567,0.025435,0.004677,0.014040,0.005547,0.013387,0.018961,0.265144,-0.082809,-0.040900,0.002607,1.636587,0.471506,1.531431,-0.432971,0.344936,-0.240442,0.999567,0.025435,0.004677,0.014040,0.005547,0.013387,0.018961
0,1169.398049,785,absolute,29,2.900000,0.050000,-1.856205,-0.744649,1.500000,0.297860,-0.742482,0.000000,0.000000,0.000000,1.500000,2.000000,0.400000,-709825284.473571,1774563232.799654,-0.256037,-0.219385,3.019405,-0.159942,-0.433812,-0.240596,0.999556,0.025519,0.004976,0.014522,0.001397,0.011344,0.019035,0.265123,-0.083880,-0.040536,0.002277,1.600168,0.525264,1.519405,-0.457801,0.308670,-0.240596,0.999556,0.025519,0.004976,0.014522,0.001397,0.011344,0.019035
0,1169.398049,785,absolute,30,3.000000,0.050000,-1.824943,-0.818282,1.500000,0.327313,-0.729977,0.000000,0.000000,0.000000,1.500000,2.000000,0.400000,-709825284.473571,1774563232.799654,-0.263901,-0.241700,3.007370,-0.154563,-0.458784,-0.240791,0.999549,0.025500,0.005221,0.015006,-0.002804,0.009317,0.019100,0.265119,-0.084516,-0.039818,0.001946,1.561042,0.576582,1.507370,-0.481876,0.271193,-0.240791,0.999549,0.025500,0.005221,0.015006,-0.002804,0.009317,0.019100
0,1169.398049,785,absolute,31,3.100000,0.050000,-1.790760,-0.890605,1.500000,0.356242,-0.716304,0.000000,0.000000,0.000000,1.500000,2.000000,0.400000,-709825284.473571,1774563232.799654,-0.271490,-0.265262,2.995325,-0.148959,-0.483680,-0.240994,0.999543,0.025377,0.005415,0.015489,-0.007036,0.007323,0.019155,0.265166,-0.084675,-0.038784,0.001611,1.519270,0.625343,1.495325,-0.505201,0.232624,-0.240994,0.999543,0.025377,0.005415,0.015489,-0.007036,0.007323,0.019155
0,1169.398049,785,absolute,32,3.200000,0.050000,-1.753713,-0.961504,1.500000,0.384602,-0.701485,0.000000,0.000000,0.000000,1.500000,2.000000,0.400000,-709825284.473571,1774563232.799654,-0.278794,-0.290065,2.983273,-0.143178,-0.508403,-0.241103,0.999541,0.025148,0.005558,0.015974,-0.011275,0.005377,0.019201,0.265298,-0.084310,-0.037481,0.001271,1.474919,0.671439,1.483273,-0.527780,0.193082,-0.241103,0.999541,0.025148,0.005558,0.015974,-0.011275,0.005377,0.019201
0,1169.398049,785,absolute,33,3.300000,0.050000,-1.713860,-1.030865,1.500000,0.412346,-0.685544,0.000000,0.000000,0.000000,1.500000,2.000000,0.400000,-709825284.473571,1774563232.799654,-0.285805,-0.316098,2.971221,-0.137271,-0.532857,-0.240955,0.999541,0.024814,0.005651,0.016459,-0.015493,0.003493,0.019237,0.265546,-0.083420,-0.035986,0.000926,1.428055,0.714767,1.471221,-0.549617,0.152687,-0.240955,0.999541,0.024814,0.005651,0.016459,-0.015493,0.003493,0.019237
0,1169.398049,785,absolute,34,3.400000,0.050000,-1.671266,-1.098577,1.500000,0.439431,-0.668506,0.000000,0.000000,0.000000,1.500000,2.000000,0.400000,-709825284.473571,1774563232.799654,-0.292520,-0.343345,2.959189,-0.131285,-0.556951,-0.240330,0.999543,0.024377,0.005697,0.016944,-0.019666,0.001681,0.019263,0.265900,-0.082018,-0.034397,0.000573,1.378746,0.755231,1.459189,-0.570716,0.111555,-0.240330,0.999543,0.024377,0.005697,0.016944,-0.019666,0.001681,0.019263
0,1169.398049,785,absolute,35,3.500000,0.050000,-1.625998,-1.164531,1.500000,0.465812,-0.650399,0.000000,0.000000,0.000000,1.500000,2.000000,0.400000,-709825284.473571,1774563232.799654,-0.298933,-0.371786,2.947205,-0.125266,-0.580593,-0.239027,0.999548,0.023837,0.005696,0.017429,-0.023768,-0.000055,0.019280,0.266149,-0.080145,-0.032823,0.000212,1.327064,0.792745,1.447205,-0.591078,0.069806,-0.239027,0.999548,0.023837,0.005696,0.017429,-0.023768,-0.000055,0.019280
0,1169.398049,785,absolute,36,3.600000,0.050000,-1.578128,-1.228622,1.500000,0.491449,-0.631251,0.000000,0.000000,0.000000,1.500000,2.000000,0.400000,-709825284.473571,1774563232.799654,-0.305046,-0.401395,2.935298,-0.119262,-0.603672,-0.237235,0.999554,0.023196,0.005651,0.017914,-0.027774,-0.001715,0.019286,0.265651,-0.077872,-0.031375,-0.000162,1.273082,0.827226,1.435298,-0.610711,0.027579,-0.237235,0.999554,0.023196,0.005651,0.017914,-0.027774,-0.001715,0.019286
0,1169.398049,785,absolute,37,3.700000,0.050000,-1.527734,-1.290747,1.500000,0.516299,-0.611094,0.000000,0.000000,0.000000,1.500000,2.000000,0.400000,-709825284.473571,1774563232.799654,-0.310861,-0.432141,2.923459,-0.113336,-0.626029,-0.236333,0.999563,0.022457,0.005564,0.018399,-0.031666,-0.003305,0.019281,0.262982,-0.075301,-0.030137,-0.000558,1.216873,0.858606,1.423459,-0.629635,-0.014935,-0.236333,0.999563,0.022457,0.005564,0.018399,-0.031666,-0.003305,0.019281
0,1169.398049,785,absolute,38,3.800000,0.050000,-1.474896,-1.350808,1.500000,0.540323,-0.589958,0.000000,0.000000,0.000000,1.500000,2.000000,0.400000,-709825284.473571,1774563232.799654,-0.316383,-0.463980,2.911542,-0.107577,-0.647394,-0.240332,0.999573,0.021623,0.005436,0.018883,-0.035428,-0.004837,0.019265,0.255758,-0.072587,-0.029074,-0.000995,1.158513,0.886828,1.411542,-0.647900,-0.057436,-0.240332,0.999573,0.021623,0.005436,0.018883,-0.035428,-0.004837,0.019265
0,1169.398049,785,absolute,39,3.900000,0.050000,-1.419698,-1.408707,1.500000,0.563483,-0.567879,0.000000,0.000000,0.000000,1.500000,2.000000,0.400000,-709825284.473571,1774563232.799654,-0.321625,-0.496852,2.899092,-0.102123,-0.667340,-0.257657,0.999584,0.020698,0.005269,0.019366,-0.039053,-0.006318,0.019237,0.242906,-0.070171,-0.027841,-0.001513,1.098073,0.911856,1.399092,-0.665606,-0.099461,-0.257657,0.999584,0.020698,0.005269,0.019366,-0.039053,-0.006318,0.019237
0,1169.398049,785,absolute,40,4.000000,0.101728,-1.362230,-1.464353,1.500000,0.585741,-0.544892,0.000000,0.000000,0.000000,1.500000,2.000000,0.400000,-709825284.473571,1774563232.799654,-0.326605,-0.530674,2.885183,-0.097118,-0.685413,-0.298723,0.999596,0.019684,0.005064,0.019848,-0.042557,-0.007739,0.019194,0.234876,-0.068362,-0.025324,-0.002203,1.035624,0.933679,1.385183,-0.682859,-0.140521,-0.298723,0.999596,0.019684,0.005064,0.019848,-0.042557,-0.007739,0.019194
0,1169.398049,785,absolute,41,4.100000,0.196902,-1.302581,-1.517657,1.500000,0.607063,-0.521033,0.000000,0.000000,0.000000,1.500000,2.000000,0.400000,-709825284.473571,1774563232.799654,-0.336010,-0.602095,2.849012,-0.087937,-0.718058,-0.412381,0.999622,0.017358,0.004537,0.020823,-0.049498,-0.010384,0.019066,0.251734,-0.059319,-0.010303,-0.003397,0.966572,0.915562,1.349012,-0.694999,-0.197026,-0.412381,0.999622,0.017358,0.004537,0.020823,-0.049498,-0.010384,0.019066
0,1169.398049,785,absolute,42,4.200000,0.200000,-1.240849,-1.568532,1.500000,0.627413,-0.496340,0.000000,0.000000,0.000000,1.500000,2.000000,0.400000,-709825284.473571,1774563232.799654,-0.351710,-0.749105,2.758287,-0.072376,-0.771871,-0.509042,0.999666,0.011945,0.003262,0.022685,-0.061145,-0.012568,0.018686,0.263861,-0.029563,0.035519,-0.005587,0.889139,0.819427,1.258287,-0.699789,-0.275531,-0.509042,0.999666,0.011945,0.003262,0.022685,-0.061145,-0.012568,0.018686
0,1169.398049,785,absolute,43,4.300000,0.200000,-1.177132,-1.616898,1.500000,0.646759,-0.470853,0.000000,0.000000,0.000000,1.500000,2.000000,0.400000,-709825284.473571,1774563232.799654,-0.364984,-0.907309,2.655689,-0.061147,-0.806035,-0.516862,0.999681,0.005565,0.002184,0.024530,-0.067032,-0.005643,0.018051,0.265003,0.001567,0.072688,-0.007512,0.812149,0.709589,1.155689,-0.707906,-0.335182,-0.516862,0.999681,0.005565,0.002184,0.024530,-0.067032,-0.005643,0.018051
0,1169.398049,785,absolute,44,4.400000,0.200000,-1.111532,-1.662678,1.500000,0.665071,-0.444613,0.000000,0.000000,0.000000,1.500000,2.000000,0.400000,-709825284.473571,1774563232.799654,-0.376373,-1.069806,2.552408,-0.052867,-0.814552,-0.515925,0.999651,-0.001121,0.002164,0.026306,-0.066723,0.008715,0.017197,0.264823,0.026974,0.089221,-0.008992,0.735159,0.592872,1.052408,-0.717938,-0.369939,-0.515925,0.999651,-0.001121,0.002164,0.026306,-0.066723,0.008715,0.017197
0,1169.398049,785,absolute,45,4.500000,0.200000,-1.044153,-1.705797,1.500000,0.682319,-0.417661,0.000000,0.000000,0.000000,1.500000,2.000000,0.400000,-709825284.473571,1774563232.799654,-0.385983,-1.231391,2.449181,-0.042321,-0.797058,-0.516393,0.999573,-0.007566,0.003752,0.027983,-0.061372,0.026397,0.016175,0.264863,0.045459,0.081760,-0.010055,0.658170,0.474406,0.949181,-0.724640,-0.379397,-0.516393,0.999573,-0.007566,0.003752,0.027983,-0.061372,0.026397,0.016175
0,1169.398049,785,absolute,46,4.600000,0.200000,-0.975105,-1.746188,1.500000,0.698475,-0.390042,0.000000,0.000000,0.000000,1.500000,2.000000,0.400000,-709825284.473571,1774563232.799654,-0.392706,-1.386999,2.345852,-0.022861,-0.755184,-0.516999,0.999450,-0.013341,0.007053,0.029535,-0.052362,0.042615,0.015031,0.264939,0.057397,0.050887,-0.010782,0.582399,0.359188,0.845852,-0.721336,-0.365142,-0.516999,0.999450,-0.013341,0.007053,0.029535,-0.052362,0.042615,0.015031
0,1169.398049,785,absolute,47,4.700000,0.200000,-0.904496,-1.783785,1.500000,0.713514,-0.361798,0.000000,0.000000,0.000000,1.500000,2.000000,0.400000,-709825284.473571,1774563232.799654,-0.394115,-1.532039,2.242385,0.011692,-0.691981,-0.517821,0.999288,-0.018137,0.011697,0.030943,-0.040987,0.052690,0.013805,0.265060,0.063552,0.004037,-0.011221,0.510381,0.251745,0.742385,-0.701822,-0.330182,-0.517821,0.999288,-0.018137,0.011697,0.030943,-0.040987,0.052690,0.013805
0,1169.398049,785,absolute,48,4.800000,0.200000,-0.832440,-1.818528,1.500000,0.727411,-0.332976,0.000000,0.000000,0.000000,1.500000,2.000000,0.400000,-709825284.473571,1774563232.799654,-0.386748,-1.662639,2.138742,0.065299,-0.611542,-0.518806,0.999102,-0.021751,0.016915,0.032201,-0.028382,0.053427,0.012530,0.286064,0.063790,-0.036758,-0.010600,0.445692,0.155889,0.638742,-0.662112,-0.278566,-0.518806,0.999102,-0.021751,0.016915,0.032201,-0.028382,0.053427,0.012530
0,1169.398049,785,absolute,49,4.900000,0.050000,-0.759052,-1.850362,1.500000,0.740145,-0.303621,0.000000,0.000000,0.000000,1.500000,2.000000,0.400000,-709825284.473571,1774563232.799654,-0.366119,-1.775105,2.050315,0.144384,-0.511338,-0.365669,0.998916,-0.024094,0.021839,0.033321,-0.015715,0.046036,0.011324,0.321251,0.041082,-0.033880,-0.005157,0.392933,0.075257,0.550315,-0.595761,-0.207717,-0.365669,0.998916,-0.024094,0.021839,0.033321,-0.015715,0.046036,0.011324
0,1169.398049,785,absolute,50,5.000000,0.050000,-0.684450,-1.879236,1.500000,0.751694,-0.273780,0.000000,0.000000,0.000000,1.500000,2.000000,0.400000,-709825284.473571,1774563232.799654,-0.358264,-1.799930,2.034610,0.170043,-0.481569,-0.262559,0.998872,-0.024492,0.022961,0.033582,-0.013680,0.044336,0.011178,0.277848,0.031165,-0.075484,-0.003359,0.326186,0.079306,0.534610,-0.581651,-0.207788,-0.262559,0.998872,-0.024492,0.022961,0.033582,-0.013680,0.044336,0.011178
0,1169.398049,785,absolute,51,5.100000,0.050000,-0.608754,-1.905103,1.500000,0.762041,-0.243501,0.000000,0.000000,0.000000,1.500000,2.000000,0.400000,-709825284.473571,1774563232.799654,-0.349184,-1.823356,2.022053,0.193340,-0.455394,-0.239720,0.998830,-0.024844,0.024017,0.033842,-0.012139,0.040556,0.011082,0.264953,0.029502,-0.100478,-0.003159,0.259570,0.081747,0.522053,-0.568702,-0.211892,-0.239720,0.998830,-0.024844,0.024017,0.033842,-0.012139,0.040556,0.011082
0,1169.398049,785,absolute,52,5.200000,0.050000,-0.532083,-1.927923,1.500000,0.771169,-0.212833,0.000000,0.000000,0.000000,1.500000,2.000000,0.400000,-709825284.473571,1774563232.799654,-0.338941,-1.845494,2.010041,0.216521,-0.430071,-0.240769,0.998790,-0.025154,0.024964,0.034101,-0.010680,0.035527,0.010993,0.264443,0.029236,-0.117425,-0.003289,0.193141,0.082429,0.510041,-0.554648,-0.217238,-0.240769,0.998790,-0.025154,0.024964,0.034101,-0.010680,0.035527,0.010993
0,1169.398049,785,absolute,53,5.300000,0.050000,-0.454561,-1.947659,1.500000,0.779063,-0.181824,0.000000,0.000000,0.000000,1.500000,2.000000,0.400000,-709825284.473571,1774563232.799654,-0.327519,-1.866359,1.997952,0.240503,-0.404479,-0.242817,0.998754,-0.025424,0.025777,0.034360,-0.009232,0.029652,0.010899,0.265304,0.029533,-0.128612,-0.003609,0.127042,0.081300,0.497952,-0.538561,-0.222654,-0.242817,0.998754,-0.025424,0.025777,0.034360,-0.009232,0.029652,0.010899
0,1169.398049,785,absolute,54,5.400000,0.050000,-0.376311,-1.964278,1.500000,0.785711,-0.150525,0.000000,0.000000,0.000000,1.500000,2.000000,0.400000,-709825284.473571,1774563232.799654,-0.314877,-1.885935,1.985799,0.265270,-0.378528,-0.243325,0.998721,-0.025652,0.026436,0.034619,-0.007766,0.023218,0.010796,0.265630,0.030143,-0.134886,-0.004034,0.061434,0.078343,0.485799,-0.520441,-0.228004,-0.243325,0.998721,-0.025652,0.026436,0.034619,-0.007766,0.023218,0.010796
0,1169.398049,785,absolute,55,5.500000,0.050000,-0.297460,-1.977756,1.500000,0.791102,-0.118984,0.000000,0.000000,0.000000,1.500000,2.000000,0.400000,-709825284.473571,1774563232.799654,-0.300982,-1.904207,1.973634,0.290622,-0.352317,-0.243271,0.998694,-0.025837,0.026933,0.034879,-0.006267,0.016471,0.010682,0.265643,0.031461,-0.137254,-0.004474,-0.003522,0.073548,0.473634,-0.500480,-0.233333,-0.243271,0.998694,-0.025837,0.026933,0.034879,-0.006267,0.016471,0.010682
0,1169.398049,785,absolute,56,5.600000,0.050000,-0.218133,-1.988069,1.500000,0.795228,-0.087253,0.000000,0.000000,0.000000,1.500000,2.000000,0.400000,-709825284.473571,1774563232.799654,-0.285808,-1.921164,1.961471,0.316367,-0.325923,-0.243224,0.998673,-0.025978,0.027260,0.035140,-0.004699,0.009606,0.010555,0.265470,0.033499,-0.137083,-0.004880,-0.067675,0.066905,0.461471,-0.478860,-0.238670,-0.243224,0.998673,-0.025978,0.027260,0.035140,-0.004699,0.009606,0.010555
0,1169.398049,785,absolute,57,5.700000,0.050000,-0.138457,-1.995202,1.500000,0.798081,-0.055383,0.000000,0.000000,0.000000,1.500000,2.000000,0.400000,-709825284.473571,1774563232.799654,-0.269342,-1.936798,1.949303,0.342323,-0.299416,-0.243515,0.998657,-0.026073,0.027418,0.035400,-0.003027,0.002750,0.010416,0.265773,0.035958,-0.135506,-0.005272,-0.130885,0.058404,0.449303,-0.455758,-0.244033,-0.243515,0.998657,-0.026073,0.027418,0.035400,-0.003027,0.002750,0.010416
0,1169.398049,785,absolute,58,5.800000,0.050000,-0.058560,-1.999143,1.500000,0.799657,-0.023424,0.000000,0.000000,0.000000,1.500000,2.000000,0.400000,-709825284.473571,1774563232.799654,-0.251574,-1.951103,1.937134,0.368371,-0.272800,-0.243253,0.998647,-0.026118,0.027407,0.035660,-0.001229,-0.004026,0.010266,0.265654,0.039095,-0.131434,-0.005611,-0.193015,0.048039,0.437134,-0.431286,-0.249377,-0.243253,0.998647,-0.026118,0.027407,0.035660,-0.001229,-0.004026,0.010266
0,1169.398049,785,absolute,59,5.900000,0.050000,0.021432,-1.999885,1.500000,0.799954,0.008573,0.000000,0.000000,0.000000,1.500000,2.000000,0.400000,-709825284.473571,1774563232.799654,-0.232507,-1.964078,1.924972,0.394307,-0.246174,-0.243207,0.998642,-0.026111,0.027231,0.035919,0.000729,-0.010598,0.010107,0.265461,0.042414,-0.128964,-0.006021,-0.253938,0.035807,0.424972,-0.405647,-0.254747,-0.243207,0.998642,-0.026111,0.027231,0.035919,0.000729,-0.010598,0.010107
0,1169.398049,785,absolute,60,6.000000,0.050000,0.101389,-1.997428,1.500000,0.798971,0.040555,0.000000,0.000000,0.000000,1.500000,2.000000,0.400000,-709825284.473571,1774563232.799654,-0.212149,-1.975722,1.912804,0.419966,-0.219604,-0.243502,0.998644,-0.026047,0.026894,0.036177,0.002855,-0.017045,0.009935,0.265705,0.045185,-0.123384,-0.006395,-0.313537,0.021706,0.412804,-0.379005,-0.260159,-0.243502,0.998644,-0.026047,0.026894,0.036177,0.002855,-0.017045,0.009935
0,1169.398049,785,absolute,61,6.100000,0.050000,0.181183,-1.991776,1.500000,0.796711,0.072473,0.000000,0.000000,0.000000,1.500000,2.000000,0.400000,-709825284.473571,1774563232.799654,-0.190516,-1.986039,1.900634,0.445238,-0.193109,-0.243320,0.998651,-0.025923,0.026401,0.036433,0.005122,-0.023213,0.009754,0.265545,0.047326,-0.114637,-0.006749,-0.371700,0.005737,0.400634,-0.351472,-0.265582,-0.243320,0.998651,-0.025923,0.026401,0.036433,0.005122,-0.023213,0.009754
0,1169.398049,785,absolute,62,6.200000,0.050000,0.260688,-1.982938,1.500000,0.793175,0.104275,0.000000,0.000000,0.000000,1.500000,2.000000,0.400000,-709825284.473571,1774563232.799654,-0.167634,-1.995036,1.888466,0.469938,-0.166797,-0.243396,0.998663,-0.025735,0.025762,0.036687,0.007497,-0.028943,0.009562,0.265463,0.049142,-0.102970,-0.007086,-0.428322,-0.012098,0.388466,-0.323237,-0.271072,-0.243396,0.998663,-0.025735,0.025762,0.036687,0.007497,-0.028943,0.009562
0,1169.398049,785,absolute,63,6.300000,0.050000,0.339776,-1.970927,1.500000,0.788371,0.135910,0.000000,0.000000,0.000000,1.500000,2.000000,0.400000,-709825284.473571,1774563232.799654,-0.143534,-2.002723,1.876291,0.493937,-0.140728,-0.243576,0.998680,-0.025482,0.024989,0.036938,0.009966,-0.034088,0.009360,0.265935,0.051192,-0.088601,-0.007402,-0.483310,-0.031796,0.376291,-0.294434,-0.276638,-0.243576,0.998680,-0.025482,0.024989,0.036938,0.009966,-0.034088,0.009360
0,1169.398049,785,absolute,64,6.400000,0.050000,0.418320,-1.955763,1.500000,0.782305,0.167328,0.000000,0.000000,0.000000,1.500000,2.000000,0.400000,-709825284.473571,1774563232.799654,-0.118253,-2.009113,1.864131,0.517164,-0.114918,-0.242831,0.998701,-0.025162,0.024099,0.037185,0.012538,-0.038514,0.009150,0.267703,0.054420,-0.071684,-0.007692,-0.536574,-0.053350,0.364131,-0.265141,-0.282246,-0.242831,0.998701,-0.025162,0.024099,0.037185,0.012538,-0.038514,0.009150
0,1169.398049,785,absolute,65,6.500000,0.050000,0.496195,-1.937470,1.500000,0.774988,0.198478,0.000000,0.000000,0.000000,1.500000,2.000000,0.400000,-709825284.473571,1774563232.799654,-0.091830,-2.014217,1.852091,0.539622,-0.089316,-0.238756,0.998725,-0.024772,0.023112,0.037428,0.015273,-0.042094,0.008931,0.267011,0.060569,-0.052125,-0.007980,-0.588025,-0.076747,0.352091,-0.235366,-0.287794,-0.238756,0.998725,-0.024772,0.023112,0.037428,0.015273,-0.042094,0.008931
0,1169.398049,785,absolute,66,6.600000,0.050000,0.573276,-1.916078,1.500000,0.766431,0.229311,0.000000,0.000000,0.000000,1.500000,2.000000,0.400000,-709825284.473571,1774563232.799654,-0.064309,-2.018054,1.840224,0.561018,-0.064234,-0.235891,0.998751,-0.024307,0.022049,0.037665,0.018316,-0.044694,0.008705,0.230863,0.074131,-0.029843,-0.008581,-0.637585,-0.101976,0.340224,-0.205413,-0.293545,-0.235891,0.998751,-0.024307,0.022049,0.037665,0.018316,-0.044694,0.008705
0,1169.398049,785,absolute,67,6.700000,0.086415,0.649441,-1.891620,1.500000,0.756648,0.259776,0.000000,0.000000,0.000000,1.500000,2.000000,0.400000,-709825284.473571,1774563232.799654,-0.035815,-2.020733,1.826833,0.578600,-0.043011,-0.299756,0.998780,-0.023755,0.020939,0.037896,0.022037,-0.046180,0.008461,0.231519,0.107025,-0.046120,-0.017621,-0.685255,-0.129112,0.326833,-0.178048,-0.302787,-0.299756,0.998780,-0.023755,0.020939,0.037896,0.022037,-0.046180,0.008461
0,1169.398049,785,absolute,68,6.800000,0.200000,0.724566,-1.864136,1.500000,0.745655,0.289826,0.000000,0.000000,0.000000,1.500000,2.000000,0.400000,-709825284.473571,1774563232.799654,0.015424,-2.022905,1.796256,0.606805,-0.007589,-0.407883,0.998835,-0.022518,0.018912,0.038268,0.031311,-0.050151,0.007595,0.249320,0.060430,-0.045820,-0.023694,-0.709141,-0.158769,0.296256,-0.138849,-0.297415,-0.407883,0.998835,-0.022518,0.018912,0.038268,0.031311,-0.050151,0.007595
0,1169.398049,785,absolute,69,6.900000,0.180161,0.798532,-1.833670,1.500000,0.733468,0.319413,0.000000,0.000000,0.000000,1.500000,2.000000,0.400000,-709825284.473571,1774563232.799654,0.142834,-2.016318,1.702884,0.664115,0.070907,-0.525638,0.998976,-0.018562,0.013604,0.038944,0.043449,-0.059280,0.004901,0.290405,-0.049188,0.099077,-0.023681,-0.655698,-0.182648,0.202884,-0.069354,-0.248505,-0.525638,0.998976,-0.018562,0.013604,0.038944,0.043449,-0.059280,0.004901
0,1169.398049,785,absolute,70,7.000000,0.050000,0.871220,-1.800271,1.500000,0.720108,0.348488,0.000000,0.000000,0.000000,1.500000,2.000000,0.400000,-709825284.473571,1774563232.799654,0.266435,-1.997360,1.623377,0.705261,0.137058,-0.356831,0.999074,-0.014868,0.009217,0.039312,0.034613,-0.041410,0.002476,0.319213,-0.063441,0.083508,-0.013555,-0.604785,-0.197089,0.123377,-0.014847,-0.211430,-0.356831,0.999074,-0.014868,0.009217,0.039312,0.034613,-0.041410,0.002476
0,1169.398049,785,absolute,71,7.100000,0.050000,0.942515,-1.763991,1.500000,0.705597,0.377006,0.000000,0.000000,0.000000,1.500000,2.000000,0.400000,-709825284.473571,1774563232.799654,0.301944,-1.990067,1.608043,0.714906,0.154508,-0.256532,0.999092,-0.014004,0.008268,0.039376,0.031444,-0.037232,0.002090,0.279029,-0.000413,0.028429,-0.007559,-0.640571,-0.226075,0.108043,0.009310,-0.222498,-0.256532,0.999092,-0.014004,0.008268,0.039376,0.031444,-0.037232,0.002090
0,1169.398049,785,absolute,72,7.200000,0.050000,1.012302,-1.724890,1.500000,0.689956,0.404921,0.000000,0.000000,0.000000,1.500000,2.000000,0.400000,-709825284.473571,1774563232.799654,0.337881,-1.981979,1.595866,0.722432,0.168861,-0.230565,0.999108,-0.013183,0.007387,0.039432,0.031426,-0.035808,0.001875,0.258562,-0.017966,0.040202,-0.007549,-0.674421,-0.257089,0.095866,0.032476,-0.236059,-0.230565,0.999108,-0.013183,0.007387,0.039432,0.031426,-0.035808,0.001875
0,1169.398049,785,absolute,73,7.300000,0.050000,1.080469,-1.683029,1.500000,0.673212,0.432188,0.000000,0.000000,0.000000,1.500000,2.000000,0.400000,-709825284.473571,1774563232.799654,0.374160,-1.973220,1.584040,0.728612,0.181349,-0.242450,0.999122,-0.012374,0.006549,0.039482,0.030530,-0.033796,0.001661,0.263978,-0.035572,0.071632,-0.007604,-0.706309,-0.290191,0.084040,0.055401,-0.250839,-0.242450,0.999122,-0.012374,0.006549,0.039482,0.030530,-0.033796,0.001661
0,1169.398049,785,absolute,74,7.400000,0.050000,1.146908,-1.638475,1.500000,0.655390,0.458763,0.000000,0.000000,0.000000,1.500000,2.000000,0.400000,-709825284.473571,1774563232.799654,0.410732,-1.963851,1.571872,0.734164,0.193293,-0.244280,0.999134,-0.011602,0.005780,0.039526,0.028754,-0.030213,0.001445,0.270258,-0.044248,0.103499,-0.008161,-0.736176,-0.325376,0.071872,0.078774,-0.265470,-0.244280,0.999134,-0.011602,0.005780,0.039526,0.028754,-0.030213,0.001445
0,1169.398049,785,absolute,75,7.500000,0.050000,1.211512,-1.591301,1.500000,0.636520,0.484605,0.000000,0.000000,0.000000,1.500000,2.000000,0.400000,-709825284.473571,1774563232.799654,0.447568,-1.953897,1.559903,0.739158,0.204747,-0.234458,0.999145,-0.010884,0.005117,0.039563,0.026543,-0.025037,0.001213,0.249423,-0.040150,0.116317,-0.008092,-0.763944,-0.362596,0.059903,0.102637,-0.279858,-0.234458,0.999145,-0.010884,0.005117,0.039563,0.026543,-0.025037,0.001213
0,1169.398049,785,absolute,76,7.600000,0.050000,1.274178,-1.541580,1.500000,0.616632,0.509671,0.000000,0.000000,0.000000,1.500000,2.000000,0.400000,-709825284.473571,1774563232.799654,0.484630,-1.943409,1.547462,0.743241,0.214661,-0.263188,0.999153,-0.010224,0.004590,0.039593,0.024536,-0.019220,0.000983,0.281325,-0.099133,0.131204,-0.006218,-0.789548,-0.401829,0.047462,0.126609,-0.295010,-0.263188,0.999153,-0.010224,0.004590,0.039593,0.024536,-0.019220,0.000983
0,1169.398049,785,absolute,77,7.700000,0.050000,1.334806,-1.489394,1.500000,0.595757,0.533922,0.000000,0.000000,0.000000,1.500000,2.000000,0.400000,-709825284.473571,1774563232.799654,0.521897,-1.932410,1.535061,0.747400,0.225179,-0.232839,0.999159,-0.009657,0.004214,0.039617,0.019580,-0.012659,0.000806,0.254511,-0.107414,0.114524,-0.006244,-0.812908,-0.443017,0.035061,0.151643,-0.308743,-0.232839,0.999159,-0.009657,0.004214,0.039617,0.019580,-0.012659,0.000806
0,1169.398049,785,absolute,78,7.800000,0.050000,1.393298,-1.434824,1.500000,0.573930,0.557319,0.000000,0.000000,0.000000,1.500000,2.000000,0.400000,-709825284.473571,1774563232.799654,0.559356,-1.920924,1.522937,0.750899,0.234213,-0.252122,0.999164,-0.009225,0.003986,0.039635,0.014210,-0.006932,0.000628,0.262062,-0.110141,0.073985,-0.006257,-0.833942,-0.486100,0.022937,0.176969,-0.323106,-0.252122,0.999164,-0.009225,0.003986,0.039635,0.014210,-0.006932,0.000628
0,1169.398049,785,absolute,79,7.900000,0.050000,1.449561,-1.377959,1.500000,0.551184,0.579825,0.000000,0.000000,0.000000,1.500000,2.000000,0.400000,-709825284.473571,1774563232.799654,0.596987,-1.908988,1.510199,0.754353,0.243158,-0.257416,0.999166,-0.008934,0.003871,0.039649,0.008703,-0.003233,0.000451,0.322944,-0.116739,0.034739,-0.006256,-0.852574,-0.531029,0.010199,0.203169,-0.336667,-0.257416,0.999166,-0.008934,0.003871,0.039649,0.008703,-0.003233,0.000451
0,1169.398049,785,absolute,80,8.000000,0.100000,1.503505,-1.318890,1.500000,0.527556,0.601402,0.000000,0.000000,0.000000,1.500000,2.000000,0.400000,-709825284.473571,1774563232.799654,0.634809,-1.896561,1.500014,0.758524,0.253914,-0.149982,0.999167,-0.008787,0.003818,0.039658,0.002866,-0.001495,0.000273,0,0,0,0,-0.868696,-0.577671,0.000014,0.230967,-0.347488,-0.149982,0.999167,-0.008787,0.003818,0.039658,0.002866,-0.001495,0.000273
