timestamp,x,y,z,vx,vy,vz,qw,qx,qy,qz,wx,wy,wz
194775.301907,1.010739,0.998941,0.981660,-0.014000,-0.011482,0.000709,0.999994,0.002406,-0.002607,0.000002,-0.001019,-0.000027,0.000000
194775.533832,1.002723,0.989592,0.964882,-0.103516,-0.122864,-0.058990,0.998839,0.038086,-0.029500,0.000006,-0.169488,0.204258,-0.027697
194775.769499,0.971395,0.948573,0.952954,-0.158081,-0.217529,-0.025879,0.999980,0.004329,0.000221,-0.004659,-0.380427,0.277480,-0.066404
194776.002713,0.941481,0.905462,0.950180,-0.103271,-0.152344,-0.010689,0.999641,-0.021923,0.012657,-0.008758,-0.092448,-0.002957,-0.004191
194776.243461,0.923168,0.882426,0.949848,-0.057892,-0.048584,-0.003325,0.999854,-0.015240,0.003630,-0.006759,0.115083,-0.053178,0.012783
194776.475377,0.910177,0.875011,0.949254,-0.055542,-0.019730,-0.004135,0.999978,-0.000666,-0.000887,-0.006495,0.047724,0.035588,-0.018323
194776.709161,0.896422,0.867598,0.948781,-0.052887,-0.032349,-0.001839,0.999957,0.001002,0.002218,-0.008909,-0.065109,0.056450,-0.024458
194776.949233,0.885339,0.858810,0.949073,-0.036407,-0.029205,0.000555,0.999930,-0.003920,0.003587,-0.010563,-0.052155,0.014897,-0.009545
194777.192118,0.877678,0.852705,0.949633,-0.022873,-0.012009,0.000504,0.999928,-0.004448,0.002215,-0.010897,-0.007491,0.005838,-0.004261
194777.432151,0.872911,0.850623,0.949956,-0.013824,0.002052,0.000220,0.999930,-0.003319,0.001996,-0.011205,0.003149,0.009383,-0.004261
194777.668970,0.870311,0.850920,0.950183,-0.006527,0.008629,0.000000,0.999930,-0.001992,0.001677,-0.011581,-0.000678,0.005326,-0.004261
194777.906042,0.869337,0.852204,0.950360,-0.001073,0.010712,-0.000035,0.999927,-0.001439,0.001211,-0.011899,-0.007384,0.004261,-0.004261
194778.153686,0.869470,0.853988,0.950565,0.002415,0.012016,0.000253,0.999924,-0.001454,0.000793,-0.012223,-0.007943,0.005373,-0.003181
194778.406476,0.870247,0.856059,0.950793,0.003786,0.012558,0.000357,0.999920,-0.001144,0.000445,-0.012610,-0.006392,0.007504,-0.004261
194778.645024,0.871244,0.858046,0.951050,0.004501,0.012192,0.000431,0.999916,-0.001063,0.000435,-0.012941,-0.008560,0.008322,-0.004261
194778.900850,0.872502,0.860075,0.951360,0.004848,0.011604,0.000678,0.999909,-0.001215,0.000390,-0.013399,-0.008573,0.008535,-0.003155
194779.141218,0.873817,0.862031,0.951669,0.005314,0.012024,0.000529,0.999905,-0.001153,0.000320,-0.013759,-0.007478,0.007495,-0.004261
194779.376610,0.875123,0.863906,0.951940,0.005112,0.011711,0.000273,0.999900,-0.000900,0.000102,-0.014100,-0.007269,0.007384,-0.004261
194779.611324,0.876381,0.865671,0.952206,0.004452,0.010696,0.000346,0.999894,-0.000892,0.000079,-0.014544,-0.008522,0.008518,-0.005326
194779.843641,0.877409,0.867125,0.952512,0.003712,0.009811,0.000191,0.999887,-0.001030,0.000162,-0.014979,-0.008522,0.008522,-0.006357
194780.102638,0.878581,0.868751,0.952813,0.004261,0.010300,0.000700,0.999879,-0.001256,0.000381,-0.015516,-0.008522,0.007457,-0.003396
194780.335880,0.879814,0.870381,0.953108,0.004860,0.011185,0.000446,0.999874,-0.001167,0.000167,-0.015823,-0.004310,0.005377,-0.004261
194780.574083,0.881180,0.872333,0.953363,0.004333,0.010895,0.000232,0.999869,-0.000801,-0.000042,-0.016187,-0.005326,0.007504,-0.004261
194780.807247,0.882288,0.873881,0.953606,0.003576,0.009750,0.000209,0.999861,-0.000741,-0.000045,-0.016626,-0.008565,0.008526,-0.005326
194781.038953,0.883338,0.875344,0.953865,0.003176,0.009125,0.000405,0.999853,-0.000896,0.000036,-0.017106,-0.008522,0.007457,-0.005326
194781.277463,0.884293,0.876674,0.954146,0.003111,0.009079,0.000388,0.999846,-0.000955,0.000070,-0.017536,-0.007453,0.006392,-0.004879
194781.531832,0.885387,0.878231,0.954440,0.003086,0.009117,0.000455,0.999837,-0.000947,0.000068,-0.018016,-0.007504,0.007457,-0.004261
194781.770120,0.886401,0.879668,0.954708,0.002985,0.009163,0.000374,0.999831,-0.000895,-0.000010,-0.018385,-0.006438,0.007495,-0.004261
194782.006207,0.887267,0.880977,0.954946,0.001987,0.008247,0.000097,0.999822,-0.000573,-0.000295,-0.018876,-0.006605,0.007691,-0.005326
194782.241662,0.887920,0.882077,0.955167,0.001318,0.007290,0.000482,0.999811,-0.000816,0.000002,-0.019447,-0.010661,0.009391,-0.005326
194782.479993,0.888563,0.883121,0.955464,0.001553,0.007736,0.000541,0.999800,-0.001034,0.000076,-0.019957,-0.008560,0.006443,-0.004261
194782.745154,0.889362,0.884442,0.955767,0.001815,0.008476,0.000576,0.999791,-0.001040,0.000078,-0.020418,-0.006438,0.007457,-0.003149
194782.981538,0.890210,0.885856,0.956024,0.002148,0.008972,0.000300,0.999784,-0.000776,-0.000043,-0.020769,-0.004308,0.005377,-0.004261
194783.223737,0.891069,0.887196,0.956241,0.001848,0.008049,0.000233,0.999774,-0.000633,-0.000120,-0.021234,-0.007457,0.007504,-0.005326
194783.459898,0.891851,0.888349,0.956485,0.001496,0.007607,0.000344,0.999764,-0.000825,-0.000123,-0.021719,-0.007670,0.007457,-0.004261
194783.702856,0.892550,0.889430,0.956735,0.001267,0.007496,0.000334,0.999754,-0.000784,-0.000121,-0.022186,-0.006839,0.007461,-0.004263
194783.944833,0.893269,0.890646,0.956980,0.001307,0.007626,0.000283,0.999743,-0.000740,-0.000132,-0.022644,-0.006191,0.006319,-0.004261
194784.185692,0.894041,0.891907,0.957218,0.001410,0.007603,0.000283,0.999733,-0.000652,-0.000161,-0.023098,-0.006438,0.006438,-0.004261
194784.427661,0.894855,0.893166,0.957443,0.001451,0.007530,0.000316,0.999723,-0.000686,-0.000172,-0.023542,-0.006438,0.006443,-0.004261
194784.667435,0.895713,0.894435,0.957668,0.001547,0.007465,0.000324,0.999712,-0.000623,-0.000209,-0.023969,-0.005322,0.005561,-0.004261
194784.903259,0.896615,0.895754,0.957899,0.001572,0.007568,0.000344,0.999702,-0.000665,-0.000212,-0.024402,-0.005326,0.005326,-0.004261
194785.155507,0.897576,0.897143,0.958131,0.001649,0.007656,0.000457,0.999691,-0.000696,-0.000165,-0.024832,-0.006387,0.006387,-0.004050
194785.392163,0.898612,0.898579,0.958294,0.002352,0.008476,-0.000070,0.999682,-0.000799,-0.000092,-0.025203,-0.004284,0.004063,-0.003196
194785.632018,0.899866,0.900265,0.958360,0.002859,0.009102,-0.000421,0.999675,-0.000586,-0.000231,-0.025478,-0.002131,0.003196,-0.003196
194785.877211,0.901214,0.901981,0.958353,0.003187,0.009033,-0.000440,0.999667,-0.000578,-0.000192,-0.025794,-0.004284,0.004276,-0.003196
194786.122740,0.902783,0.903836,0.958354,0.003956,0.009697,-0.000301,0.999660,-0.000745,-0.000133,-0.026077,-0.002331,0.003232,-0.002131
194786.353545,0.904472,0.905773,0.958366,0.005085,0.010841,-0.000208,0.999656,-0.000781,-0.000060,-0.026218,0.000036,0.002131,-0.001065
194786.589681,0.905389,0.906817,0.958381,0.005604,0.011276,-0.000060,0.999654,-0.000722,-0.000093,-0.026276,-0.000036,0.000000,-0.001065
