timestamp,solve_num,x,y,z,vx,vy,vz,qw,qx,qy,qz,wx,wy,wz
22303.458460,0,-0.001164,-0.003601,1.955684,-0.047882,-0.021332,0.013458,0.999821,0.001909,-0.008372,0.016866,0.000259,-0.012672,-0.002776
22303.558314,0,-0.000272,-0.003485,1.955136,-0.049011,-0.019989,0.008568,0.999684,0.004294,-0.014564,0.020043,0.146717,-0.480238,0.192395
22303.658298,0,-0.000019,-0.003549,1.954632,-0.066833,-0.020187,-0.030991,0.999232,0.005105,-0.026216,0.028675,-0.005437,0.023180,0.132331
22303.758329,0,-0.003719,-0.004928,1.946433,-0.112732,-0.024261,-0.081116,0.999183,0.002899,-0.019426,0.035322,-0.062927,0.277616,0.013456
22303.858353,0,-0.009103,-0.005562,1.936520,-0.123718,-0.020966,-0.073608,0.999298,-0.000026,-0.006161,0.036962,-0.104788,0.311432,-0.001992
22303.958365,0,-0.013970,-0.006013,1.928694,-0.107422,-0.015625,-0.039734,0.999312,-0.002936,0.005948,0.036489,-0.075949,0.240665,-0.026640
22304.058293,0,-0.016688,-0.006109,1.926354,-0.073242,-0.006275,0.021576,0.999238,-0.008218,0.013806,0.035559,-0.158307,0.090607,-0.017198
22304.158352,0,-0.016183,-0.005290,1.926508,-0.031403,0.010002,0.047424,0.999192,-0.013958,0.016074,0.034084,-0.203576,0.107583,-0.016141
22304.258303,0,-0.011841,-0.000420,1.931711,0.016983,0.042908,0.051331,0.999102,-0.021019,0.016315,0.032980,-0.201258,0.007998,-0.013320
22304.358319,0,-0.000942,0.008597,1.937266,0.068909,0.087402,0.042297,0.999041,-0.025560,0.014001,0.032672,-0.177805,-0.012868,-0.009894
22304.458326,0,0.014472,0.022567,1.939238,0.113403,0.139893,0.009750,0.999007,-0.029012,0.009510,0.032442,-0.114878,-0.006166,-0.009741
22304.558350,0,0.032992,0.042133,1.938769,0.148193,0.195435,-0.006134,0.999038,-0.029039,0.005451,0.032399,-0.151353,-0.010704,-0.000289
22304.658333,0,0.053952,0.067321,1.936332,0.173340,0.253418,-0.002760,0.998980,-0.031020,0.004181,0.032549,-0.171397,0.071790,-0.001711
22304.758278,0,0.075762,0.098301,1.935328,0.197388,0.314941,0.019165,0.998893,-0.033120,0.004623,0.033093,-0.170988,0.154216,0.005706
22304.858295,0,0.100596,0.135855,1.934416,0.222778,0.378174,0.041534,0.998818,-0.035311,0.006839,0.032707,-0.278435,0.152171,-0.027612
22304.958280,0,0.126823,0.180020,1.934436,0.252930,0.447266,0.049744,0.998674,-0.039221,0.010157,0.031746,-0.310887,0.149580,-0.012212
22305.058295,0,0.156325,0.231279,1.933240,0.288086,0.521973,0.043060,0.998562,-0.041637,0.011707,0.031671,-0.363792,0.162397,-0.005812
22305.158277,0,0.189240,0.290216,1.930983,0.327148,0.602051,0.042389,0.998317,-0.046820,0.013760,0.031325,-0.315796,0.159670,-0.012937
22305.258274,0,0.225531,0.357154,1.928723,0.368896,0.688965,0.062073,0.998130,-0.050634,0.015705,0.030423,-0.389427,0.149853,-0.022856
22305.358260,0,0.265804,0.432775,1.927353,0.411133,0.779785,0.090271,0.997946,-0.054878,0.016136,0.028826,-0.431696,0.117673,-0.018306
22305.458303,0,0.310128,0.518813,1.927073,0.454102,0.879883,0.125854,0.997647,-0.060405,0.016485,0.027931,-0.503418,0.169215,-0.001178
22305.558309,0,0.358045,0.613838,1.923307,0.496338,0.984863,0.130493,0.997206,-0.067146,0.016854,0.028080,-0.519235,0.221848,0.009068
22305.658265,0,0.409258,0.719357,1.919905,0.542969,1.099609,0.134888,0.997127,-0.067621,0.017542,0.029270,-0.636500,0.235483,0.017317
22305.758262,0,0.464809,0.838199,1.915638,0.598145,1.221680,0.174438,0.996383,-0.076362,0.020171,0.031351,-0.463603,0.201804,-0.033509
22305.858260,0,0.523988,0.965973,1.914142,0.642090,1.344727,0.199341,0.996296,-0.077795,0.021483,0.029672,-0.619046,0.229484,-0.049531
22305.958315,0,0.589198,1.108521,1.910723,0.702148,1.489258,0.240112,0.995935,-0.083016,0.021518,0.027538,-0.591230,0.102743,-0.038793
22306.058323,0,0.659325,1.264264,1.907763,0.751953,1.621094,0.264648,0.995805,-0.085301,0.016705,0.028593,-0.590139,0.188305,-0.050008
22306.158250,0,0.732288,1.432422,1.907198,0.790527,1.753906,0.306885,0.995558,-0.088297,0.015827,0.028588,-0.849757,0.265890,-0.081471
22306.258281,0,0.809175,1.613998,1.907623,0.825195,1.898438,0.361328,0.994770,-0.096880,0.019007,0.026197,-0.791398,0.287434,-0.071381
22306.358291,0,0.890376,1.810124,1.902852,0.867676,2.056641,0.379395,0.994435,-0.100466,0.020850,0.023879,-0.758673,0.240119,-0.059416
22306.458315,0,0.974339,2.018569,1.895606,0.897949,2.222656,0.412354,0.994037,-0.105003,0.022206,0.019259,-0.789216,0.263027,-0.049906
22306.558306,0,1.065585,2.243488,1.893258,0.941406,2.388672,0.471680,0.993776,-0.108264,0.021679,0.014794,-0.782126,0.194304,-0.011087
22306.658280,0,1.159699,2.486089,1.888093,0.979492,2.560547,0.521973,0.993462,-0.111726,0.020379,0.011588,-0.856848,0.221030,-0.006127
22306.758314,0,1.258285,2.742909,1.882794,1.011719,2.732422,0.601074,0.992618,-0.119698,0.017497,0.008653,-0.882482,0.308978,0.026657
22306.858308,0,1.359760,3.020674,1.879115,1.040039,2.917969,0.692871,0.991645,-0.127707,0.017038,0.006368,-0.821396,0.261118,0.020249
22306.958285,0,1.465302,3.314180,1.881404,1.063477,3.101562,0.785156,0.990898,-0.133186,0.019138,0.004083,-0.915207,0.342521,0.025260
22307.058287,0,1.573408,3.630358,1.877009,1.092773,3.304688,0.867188,0.990200,-0.138204,0.019959,0.002150,-0.667588,0.415061,0.022822
22307.158257,0,1.686312,3.978253,1.889179,1.119141,3.519531,1.051758,0.989660,-0.141265,0.024799,0.001443,-0.995929,0.446968,0.042542
22307.258270,0,1.801155,4.359821,1.969578,1.084961,3.632812,1.546875,0.987246,-0.156086,0.031185,-0.003315,-2.120575,0.908662,-0.227984
22307.358298,0,1.920418,4.763979,2.043250,0.936035,3.240234,2.693359,0.945346,-0.322013,0.048288,-0.017240,-3.584470,0.360247,-0.400880
22307.458321,0,2.043669,5.191220,2.020961,0.925781,3.605469,2.779297,0.926118,-0.371947,0.058827,-0.022351,2.877612,0.084403,0.362701
22307.558265,0,2.168126,5.650092,1.847730,1.255859,5.023438,-0.337646,0.995762,-0.082399,0.038431,-0.013817,8.133234,-0.631591,0.411789
22307.658267,0,2.406487,6.129960,0.949184,4.781250,-3.560547,-2.732422,0.778512,0.449247,0.193366,0.393326,12.042772,-1.647154,15.009832
22307.758296,0,2.632577,6.219408,-0.135924,-1.663086,-7.796875,-0.956543,0.587355,0.568748,0.087379,0.569127,7.304203,-1.890410,1.092467
22307.858289,0,4.153585,7.071494,0.259484,-7.652344,-6.125000,3.333984,0.044545,0.096143,0.205421,0.972921,-9.808750,5.414884,2.343105
22307.958259,0,-0.065336,0.061895,0.232048,-0.442383,1.346680,-0.006504,0.933676,-0.269753,-0.072988,0.223952,3.837543,2.515456,5.022185
22308.058281,0,-0.147864,0.155872,0.382848,0.271240,1.018555,0.023727,0.815173,0.110312,0.431706,0.370073,7.339110,10.821041,4.677482
22308.158260,0,-0.108298,0.257325,0.157581,1.203125,-0.250244,2.027344,0.337810,0.169849,0.863334,0.334201,3.176499,9.311332,3.497203
22308.258239,0,0.044775,0.468575,-0.215221,1.004883,-2.105469,3.730469,0.278803,0.279189,0.794513,0.461597,-13.273229,-11.475540,3.135048
22308.358265,0,-0.004212,0.757036,-0.021040,-5.812500,1.715820,0.037781,-0.267804,-0.334874,0.814816,-0.390148,-34.435346,-32.480577,5.030912
22308.458310,0,0.000000,0.000000,0.000000,-0.195557,0.212280,0.209839,1.000000,0.000000,0.000000,0.000000,-34.906585,-34.906585,4.708026
22308.558272,0,-0.065226,0.050137,0.345956,3.029297,-3.511719,-7.875000,0.992849,0.107566,0.051039,0.008705,-34.906585,-34.906585,2.421644
22308.658294,0,0.874260,-0.755503,0.460857,-7.988281,7.960938,2.263672,0.116254,0.632012,0.764258,-0.054367,19.949113,-7.539822,-4.712389
22308.758267,0,1.928856,-1.591242,0.753421,-6.226562,6.500000,8.562500,0.262291,0.125594,0.516801,-0.805200,3.137229,-16.938420,-8.054694
22308.858289,0,2.489450,-1.719228,0.220689,4.949219,8.250000,5.339844,0.396102,-0.508131,0.198674,-0.738536,11.021754,-4.411320,1.668971
22308.958250,0,4.835167,-1.422942,1.067304,7.656250,9.617188,5.203125,-0.162784,0.820078,0.295870,0.461989,-1.598067,-2.030036,-1.006291
22309.058238,0,-0.001194,0.004547,1.943630,-0.073242,0.275635,-0.418457,0.999948,-0.005647,0.002384,0.008140,-0.516236,0.473693,0.833395
22309.158228,0,-0.017131,0.077430,1.829837,-0.322998,1.216797,-1.784180,0.999514,-0.011294,-0.024412,0.015732,-0.224166,0.180942,0.429515
22309.258229,0,-0.056873,0.250704,1.676833,-0.475098,1.848633,-2.824219,0.998248,0.055482,-0.009804,0.018090,-0.058291,0.024765,0.117264
22309.358223,0,-0.126780,0.546829,1.654942,-0.489014,1.739258,-3.541016,0.968312,0.247329,0.032100,0.013021,0.020061,-0.008714,-0.004314
22309.458226,0,-0.209329,0.894707,1.528845,-0.474854,1.492188,-4.105469,0.949011,0.311477,0.047509,0.010194,0.001881,-0.033594,0.021868
22309.558226,0,-0.311945,1.321976,1.404880,-0.495850,1.450195,-4.742188,0.927548,0.368548,0.061337,0.008069,-0.003743,-0.003027,0.002868
22309.658236,0,-0.434005,1.823903,1.282336,-0.503418,1.384766,-5.230469,0.906491,0.415822,0.072973,0.006456,0.001995,-0.004913,-0.009962
22309.758228,0,-0.574977,2.395819,1.187247,-0.525879,1.380859,-5.859375,0.879971,0.467240,0.085502,0.005186,-0.002248,-0.005484,-0.008134
22309.858219,0,-0.722465,3.000673,1.061553,-0.514160,1.247070,-6.222656,0.863996,0.494827,0.092932,0.004508,0.010048,-0.000263,0.000579
22309.958193,0,-0.886902,3.665594,0.947769,-0.522461,1.182617,-6.750000,0.847422,0.521482,0.099576,0.004166,-0.009613,0.007453,0.005880
22310.058230,0,-1.048471,4.320268,0.874052,-0.518066,1.092773,-7.234375,0.829112,0.548841,0.106455,0.003669,-0.005544,0.000746,0.001874
22310.158240,0,-1.257333,5.171184,0.781707,-0.505371,0.978027,-7.710938,0.810054,0.575233,0.113618,0.003352,-0.006856,-0.001079,0.010763
22310.258232,0,-1.452875,5.977462,0.703281,-0.490967,0.841309,-8.187500,0.795449,0.594213,0.119011,0.003017,-0.002271,-0.003603,0.001954
22310.358238,0,-1.673078,6.818686,0.634689,-0.478760,0.721680,-8.640625,0.782807,0.610071,0.122538,0.003495,0.004276,0.002132,0.000786
22310.458245,0,-1.894279,7.698628,0.588525,-0.444336,0.626953,-9.101562,0.767632,0.628031,0.127695,0.003466,-0.000618,0.002053,0.000490
22310.558280,0,-2.066231,8.422005,0.520392,-0.435303,0.537109,-9.421875,0.767252,0.628357,0.128382,0.003204,0.000809,0.000219,0.002339
22310.658300,0,-2.143182,8.693290,0.528658,-0.424805,0.475830,-9.492188,0.758443,0.638459,0.130851,0.003456,0.001345,0.000384,0.002729
22310.758257,0,-2.143182,8.693290,0.528658,-0.424805,0.475830,-9.492188,0.758443,0.638459,0.130851,0.003456,0.001345,0.000384,0.002729
