solve_num,solve_time_ms,solve_iters,coord_mode,target_motion_source,node,t,theta,tgt_x,tgt_y,tgt_z,tgt_vx,tgt_vy,tgt_vz,circle_center_x,circle_center_y,circle_center_z,circle_radius,circle_omega,circle_phi0,circle_t_abs,abs_x,abs_y,abs_z,abs_vx,abs_vy,abs_vz,abs_qw,abs_qx,abs_qy,abs_qz,abs_wx,abs_wy,abs_wz,fz,mx,my,mz,rel_x,rel_y,rel_z,rel_vx,rel_vy,rel_vz,rel_qw,rel_qx,rel_qy,rel_qz,rel_wx,rel_wy,rel_wz
0,67.190955,47,absolute,odom+predicted_accel,0,0.000000,0.103066,0.308150,0.293155,0.200000,-0.380535,-0.324035,0.000000,0.000000,0.000000,0.000000,0.000000,0.000000,0.000000,0.000000,-0.001162,-0.000797,2.484375,-0.341871,-0.287291,-0.285547,1.000000,0.000000,0.000000,0.000000,0.000000,0.000000,0.000000,0.255270,0.003118,0.001223,-0.000495,-0.309312,-0.293952,2.284375,0.038664,0.036744,-0.285547,1.000000,0.000000,0.000000,0.000000,0.000000,0.000000,0.000000
0,67.190955,47,absolute,odom+predicted_accel,1,0.103066,0.102589,0.268674,0.258782,0.200000,-0.385414,-0.342672,0.000000,0.000000,0.000000,0.000000,0.000000,0.000000,0.000000,0.000000,-0.036404,-0.030430,2.453056,-0.342022,-0.287829,-0.322193,1.000000,0.000008,0.000003,-0.000001,0.000321,0.000126,-0.000029,0.260289,0.002752,0.000399,-0.000496,-0.305078,-0.289212,2.253056,0.043392,0.054843,-0.322193,1.000000,0.000008,0.000003,-0.000001,0.000321,0.000126,-0.000029
0,67.190955,47,absolute,odom+predicted_accel,2,0.205655,0.102218,0.228914,0.222777,0.200000,-0.389623,-0.358938,0.000000,0.000000,0.000000,0.000000,0.000000,0.000000,0.000000,0.000000,-0.071498,-0.059985,2.419110,-0.342164,-0.288427,-0.339598,1.000000,0.000032,0.000011,-0.000003,0.000604,0.000167,-0.000058,0.262977,0.002268,-0.000208,-0.000497,-0.300412,-0.282762,2.219110,0.047459,0.070512,-0.339598,1.000000,0.000032,0.000011,-0.000003,0.000604,0.000167,-0.000058
0,67.190955,47,absolute,odom+predicted_accel,3,0.307873,0.101904,0.188902,0.185363,0.200000,-0.393166,-0.372770,0.000000,0.000000,0.000000,0.000000,0.000000,0.000000,0.000000,0.000000,-0.106479,-0.089497,2.384031,-0.342291,-0.289108,-0.346763,1.000000,0.000069,0.000019,-0.000007,0.000836,0.000146,-0.000087,0.264393,0.001691,-0.000634,-0.000498,-0.295381,-0.274860,2.184031,0.050875,0.083662,-0.346763,1.000000,0.000069,0.000019,-0.000007,0.000836,0.000146,-0.000087
0,67.190955,47,absolute,odom+predicted_accel,4,0.409777,0.101639,0.148686,0.146782,0.200000,-0.396047,-0.384106,0.000000,0.000000,0.000000,0.000000,0.000000,0.000000,0.000000,0.000000,-0.141364,-0.118993,2.348603,-0.342405,-0.289894,-0.348565,1.000000,0.000116,0.000025,-0.000012,0.001008,0.000081,-0.000116,0.265113,0.001041,-0.000902,-0.000500,-0.290050,-0.265775,2.148603,0.053642,0.094212,-0.348565,1.000000,0.000116,0.000025,-0.000012,0.001008,0.000081,-0.000116
0,67.190955,47,absolute,odom+predicted_accel,5,0.511416,0.101422,0.108315,0.107279,0.200000,-0.398266,-0.392898,0.000000,0.000000,0.000000,0.000000,0.000000,0.000000,0.000000,0.000000,-0.176170,-0.148498,2.313221,-0.342512,-0.290796,-0.347652,1.000000,0.000170,0.000026,-0.000018,0.001114,-0.000011,-0.000145,0.265454,0.000335,-0.001032,-0.000502,-0.284485,-0.255776,2.113221,0.055754,0.102102,-0.347652,1.000000,0.000170,0.000026,-0.000018,0.001114,-0.000011,-0.000145
0,67.190955,47,absolute,odom+predicted_accel,6,0.612837,0.101248,0.067839,0.067098,0.200000,-0.399827,-0.399110,0.000000,0.000000,0.000000,0.000000,0.000000,0.000000,0.000000,0.000000,-0.210913,-0.178037,2.278073,-0.342621,-0.291821,-0.345459,1.000000,0.000227,0.000023,-0.000027,0.001148,-0.000115,-0.000173,0.265590,-0.000411,-0.001041,-0.000504,-0.278751,-0.245135,2.078073,0.057205,0.107289,-0.345459,1.000000,0.000227,0.000023,-0.000027,0.001148,-0.000115,-0.000173
0,67.190955,47,absolute,odom+predicted_accel,7,0.714085,0.101111,0.027307,0.026489,0.200000,-0.400730,-0.402717,0.000000,0.000000,0.000000,0.000000,0.000000,0.000000,0.000000,0.000000,-0.245607,-0.207635,2.243233,-0.342743,-0.292967,-0.342760,1.000000,0.000284,0.000015,-0.000036,0.001106,-0.000221,-0.000202,0.265616,-0.001185,-0.000943,-0.000506,-0.272914,-0.234125,2.043233,0.057987,0.109750,-0.342760,1.000000,0.000284,0.000015,-0.000036,0.001106,-0.000221,-0.000202
0,67.190955,47,absolute,odom+predicted_accel,8,0.815196,0.101006,-0.013228,-0.014297,0.200000,-0.400978,-0.403710,0.000000,0.000000,0.000000,0.000000,0.000000,0.000000,0.000000,0.000000,-0.280268,-0.237315,2.208717,-0.342887,-0.294225,-0.339967,1.000000,0.000337,0.000001,-0.000047,0.000986,-0.000316,-0.000232,0.265585,-0.001976,-0.000750,-0.000508,-0.267040,-0.223018,2.008717,0.058092,0.109484,-0.339967,1.000000,0.000337,0.000001,-0.000047,0.000986,-0.000316,-0.000232
0,67.190955,47,absolute,odom+predicted_accel,9,0.916202,0.100924,-0.053713,-0.055009,0.200000,-0.400573,-0.402091,0.000000,0.000000,0.000000,0.000000,0.000000,0.000000,0.000000,0.000000,-0.314909,-0.267096,2.174513,-0.343062,-0.295580,-0.337294,1.000000,0.000382,-0.000017,-0.000059,0.000787,-0.000392,-0.000261,0.265525,-0.002773,-0.000475,-0.000511,-0.261196,-0.212087,1.974513,0.057512,0.106511,-0.337294,1.000000,0.000382,-0.000017,-0.000059,0.000787,-0.000392,-0.000261
0,67.190955,47,absolute,odom+predicted_accel,10,1.017126,0.100860,-0.094091,-0.095394,0.200000,-0.399517,-0.397877,0.000000,0.000000,0.000000,0.000000,0.000000,0.000000,0.000000,0.000000,-0.349541,-0.296994,2.140596,-0.343275,-0.297005,-0.334848,1.000000,0.000414,-0.000038,-0.000073,0.000507,-0.000440,-0.000290,0.265451,-0.003569,-0.000128,-0.000513,-0.255450,-0.201600,1.940596,0.056242,0.100872,-0.334848,1.000000,0.000414,-0.000038,-0.000073,0.000507,-0.000440,-0.000290
0,67.190955,47,absolute,odom+predicted_accel,11,1.117986,0.100808,-0.134305,-0.135199,0.200000,-0.397813,-0.391101,0.000000,0.000000,0.000000,0.000000,0.000000,0.000000,0.000000,0.000000,-0.384175,-0.327019,2.106933,-0.343531,-0.298470,-0.332677,1.000000,0.000431,-0.000060,-0.000089,0.000147,-0.000453,-0.000319,0.265373,-0.004354,0.000281,-0.000516,-0.249870,-0.191820,1.906933,0.054282,0.092631,-0.332677,1.000000,0.000431,-0.000060,-0.000089,0.000147,-0.000453,-0.000319
0,67.190955,47,absolute,odom+predicted_accel,12,1.218794,0.100763,-0.174294,-0.174172,0.200000,-0.395465,-0.381810,0.000000,0.000000,0.000000,0.000000,0.000000,0.000000,0.000000,0.000000,-0.418819,-0.357176,2.073491,-0.343831,-0.299934,-0.330801,1.000000,0.000427,-0.000082,-0.000106,-0.000292,-0.000425,-0.000349,0.265293,-0.005119,0.000743,-0.000519,-0.244526,-0.183004,1.873491,0.051634,0.081876,-0.330801,1.000000,0.000427,-0.000082,-0.000106,-0.000292,-0.000425,-0.000349
0,67.190955,47,absolute,odom+predicted_accel,13,1.319557,0.100721,-0.213996,-0.212069,0.200000,-0.392477,-0.370067,0.000000,0.000000,0.000000,0.000000,0.000000,0.000000,0.000000,0.000000,-0.453481,-0.387466,2.040238,-0.344172,-0.301350,-0.329221,1.000000,0.000399,-0.000102,-0.000124,-0.000808,-0.000350,-0.000379,0.265216,-0.005856,0.001248,-0.000522,-0.239485,-0.175397,1.840238,0.048305,0.068718,-0.329221,1.000000,0.000399,-0.000102,-0.000124,-0.000808,-0.000350,-0.000379
0,67.190955,47,absolute,odom+predicted_accel,14,1.420278,0.100678,-0.253348,-0.248647,0.200000,-0.388855,-0.355952,0.000000,0.000000,0.000000,0.000000,0.000000,0.000000,0.000000,0.000000,-0.488163,-0.417880,2.007143,-0.344544,-0.302661,-0.327932,1.000000,0.000344,-0.000116,-0.000144,-0.001398,-0.000224,-0.000409,0.265140,-0.006556,0.001788,-0.000525,-0.234815,-0.169234,1.807143,0.044310,0.053291,-0.327932,1.000000,0.000344,-0.000116,-0.000144,-0.001398,-0.000224,-0.000409
0,67.190955,47,absolute,odom+predicted_accel,15,1.520956,0.100630,-0.292287,-0.283672,0.200000,-0.384605,-0.339559,0.000000,0.000000,0.000000,0.000000,0.000000,0.000000,0.000000,0.000000,-0.522870,-0.448407,1.974178,-0.344937,-0.303807,-0.326926,1.000000,0.000257,-0.000123,-0.000165,-0.002058,-0.000044,-0.000439,0.265067,-0.007208,0.002354,-0.000528,-0.230583,-0.164735,1.774178,0.039668,0.035752,-0.326926,1.000000,0.000257,-0.000123,-0.000165,-0.002058,-0.000044,-0.000439
0,67.190955,47,absolute,odom+predicted_accel,16,1.621586,0.100575,-0.330749,-0.316922,0.200000,-0.379736,-0.320997,0.000000,0.000000,0.000000,0.000000,0.000000,0.000000,0.000000,0.000000,-0.557599,-0.479023,1.941317,-0.345330,-0.304718,-0.326193,1.000000,0.000135,-0.000119,-0.000188,-0.002783,0.000193,-0.000469,0.264995,-0.007803,0.002937,-0.000530,-0.226850,-0.162101,1.741317,0.034405,0.016279,-0.326193,1.000000,0.000135,-0.000119,-0.000188,-0.002783,0.000193,-0.000469
0,67.190955,47,absolute,odom+predicted_accel,17,1.722161,0.100510,-0.368669,-0.348183,0.200000,-0.374256,-0.300393,0.000000,0.000000,0.000000,0.000000,0.000000,0.000000,0.000000,0.000000,-0.592349,-0.509699,1.908533,-0.345702,-0.305320,-0.325726,1.000000,-0.000025,-0.000102,-0.000212,-0.003568,0.000489,-0.000499,0.264926,-0.008331,0.003529,-0.000533,-0.223680,-0.161516,1.708533,0.028554,-0.004927,-0.325726,1.000000,-0.000025,-0.000102,-0.000212,-0.003568,0.000489,-0.000499
0,67.190955,47,absolute,odom+predicted_accel,18,1.822670,0.100433,-0.405984,-0.377256,0.200000,-0.368176,-0.277884,0.000000,0.000000,0.000000,0.000000,0.000000,0.000000,0.000000,0.000000,-0.627111,-0.540397,1.875805,-0.346021,-0.305532,-0.325517,1.000000,-0.000225,-0.000069,-0.000238,-0.004405,0.000844,-0.000530,0.264858,-0.008783,0.004119,-0.000536,-0.221127,-0.163142,1.675805,0.022156,-0.027648,-0.325517,1.000000,-0.000225,-0.000069,-0.000238,-0.004405,0.000844,-0.000530
0,67.190955,47,absolute,odom+predicted_accel,19,1.923104,0.100343,-0.442630,-0.403957,0.200000,-0.361509,-0.253623,0.000000,0.000000,0.000000,0.000000,0.000000,0.000000,0.000000,0.000000,-0.661874,-0.571070,1.843110,-0.346252,-0.305269,-0.325561,1.000000,-0.000468,-0.000016,-0.000266,-0.005287,0.001257,-0.000560,0.264791,-0.009147,0.004700,-0.000538,-0.219244,-0.167114,1.643110,0.015257,-0.051646,-0.325561,1.000000,-0.000468,-0.000016,-0.000266,-0.005287,0.001257,-0.000560
0,67.190955,47,absolute,odom+predicted_accel,20,2.023447,0.100240,-0.478545,-0.428119,0.200000,-0.354267,-0.227773,0.000000,0.000000,0.000000,0.000000,0.000000,0.000000,0.000000,0.000000,-0.696623,-0.601663,1.810428,-0.346355,-0.304444,-0.325855,1.000000,-0.000757,0.000059,-0.000294,-0.006205,0.001729,-0.000591,0.264724,-0.009415,0.005263,-0.000540,-0.218078,-0.173544,1.610428,0.007911,-0.076671,-0.325855,1.000000,-0.000757,0.000059,-0.000294,-0.006205,0.001729,-0.000591
0,67.190955,47,absolute,odom+predicted_accel,21,2.123687,0.100124,-0.513669,-0.449593,0.200000,-0.346463,-0.200509,0.000000,0.000000,0.000000,0.000000,0.000000,0.000000,0.000000,0.000000,-0.731339,-0.632109,1.777737,-0.346284,-0.302965,-0.326398,0.999999,-0.001091,0.000159,-0.000325,-0.007149,0.002257,-0.000622,0.264657,-0.009578,0.005798,-0.000541,-0.217669,-0.182516,1.577737,0.000180,-0.102456,-0.326398,0.999999,-0.001091,0.000159,-0.000325,-0.007149,0.002257,-0.000622
0,67.190955,47,absolute,odom+predicted_accel,22,2.223811,0.099995,-0.547944,-0.468250,0.200000,-0.338115,-0.172014,0.000000,0.000000,0.000000,0.000000,0.000000,0.000000,0.000000,0.000000,-0.765996,-0.662336,1.745017,-0.345986,-0.300741,-0.327191,0.999999,-0.001473,0.000287,-0.000357,-0.008108,0.002838,-0.000652,0.264589,-0.009628,0.006297,-0.000542,-0.218052,-0.194087,1.545017,-0.007871,-0.128727,-0.327191,0.999999,-0.001473,0.000287,-0.000357,-0.008108,0.002838,-0.000652
0,67.190955,47,absolute,odom+predicted_accel,23,2.323806,0.099856,-0.581314,-0.483980,0.200000,-0.329238,-0.142478,0.000000,0.000000,0.000000,0.000000,0.000000,0.000000,0.000000,0.000000,-0.800566,-0.692261,1.712247,-0.345406,-0.297679,-0.328236,0.999998,-0.001903,0.000445,-0.000390,-0.009070,0.003468,-0.000683,0.264521,-0.009557,0.006751,-0.000543,-0.219252,-0.208282,1.512247,-0.016168,-0.155201,-0.328236,0.999998,-0.001903,0.000445,-0.000390,-0.009070,0.003468,-0.000683
0,67.190955,47,absolute,odom+predicted_accel,24,2.423662,0.099710,-0.613725,-0.496695,0.200000,-0.319849,-0.112097,0.000000,0.000000,0.000000,0.000000,0.000000,0.000000,0.000000,0.000000,-0.835013,-0.721794,1.679406,-0.344482,-0.293688,-0.329538,0.999997,-0.002379,0.000635,-0.000425,-0.010024,0.004143,-0.000714,0.264450,-0.009362,0.007152,-0.000543,-0.221288,-0.225098,1.479406,-0.024633,-0.181591,-0.329538,0.999997,-0.002379,0.000635,-0.000425,-0.010024,0.004143,-0.000714
0,67.190955,47,absolute,odom+predicted_accel,25,2.523372,0.099559,-0.645127,-0.506329,0.200000,-0.309966,-0.081071,0.000000,0.000000,0.000000,0.000000,0.000000,0.000000,0.000000,0.000000,-0.869297,-0.750835,1.646470,-0.343151,-0.288678,-0.331103,0.999995,-0.002902,0.000859,-0.000462,-0.010958,0.004857,-0.000745,0.264378,-0.009037,0.007492,-0.000543,-0.224170,-0.244506,1.446470,-0.033185,-0.207607,-0.331103,0.999995,-0.002902,0.000859,-0.000462,-0.010958,0.004857,-0.000745
0,67.190955,47,absolute,odom+predicted_accel,26,2.622931,0.099409,-0.675474,-0.512836,0.200000,-0.299608,-0.049600,0.000000,0.000000,0.000000,0.000000,0.000000,0.000000,0.000000,0.000000,-0.903374,-0.779280,1.613414,-0.341345,-0.282564,-0.332938,0.999993,-0.003470,0.001120,-0.000500,-0.011857,0.005603,-0.000776,0.264304,-0.008581,0.007764,-0.000542,-0.227900,-0.266444,1.413414,-0.041737,-0.232964,-0.332938,0.999993,-0.003470,0.001120,-0.000500,-0.011857,0.005603,-0.000776
0,67.190955,47,absolute,odom+predicted_accel,27,2.722340,0.099264,-0.704723,-0.516192,0.200000,-0.288792,-0.017887,0.000000,0.000000,0.000000,0.000000,0.000000,0.000000,0.000000,0.000000,-0.937194,-0.807016,1.580212,-0.338993,-0.275264,-0.335053,0.999991,-0.004080,0.001417,-0.000540,-0.012710,0.006376,-0.000806,0.264228,-0.007994,0.007959,-0.000542,-0.232471,-0.290824,1.380212,-0.050201,-0.257377,-0.335053,0.999991,-0.004080,0.001417,-0.000540,-0.012710,0.006376,-0.000806
0,67.190955,47,absolute,odom+predicted_accel,28,2.821603,0.099128,-0.732834,-0.516391,0.200000,-0.277538,0.013870,0.000000,0.000000,0.000000,0.000000,0.000000,0.000000,0.000000,0.000000,-0.970701,-0.833926,1.546834,-0.336025,-0.266702,-0.337456,0.999987,-0.004731,0.001754,-0.000581,-0.013503,0.007167,-0.000837,0.264151,-0.007276,0.008073,-0.000541,-0.237867,-0.317535,1.346834,-0.058486,-0.280572,-0.337456,0.999987,-0.004731,0.001754,-0.000581,-0.013503,0.007167,-0.000837
0,67.190955,47,absolute,odom+predicted_accel,29,2.920732,0.099007,-0.759770,-0.513449,0.200000,-0.265865,0.045472,0.000000,0.000000,0.000000,0.000000,0.000000,0.000000,0.000000,0.000000,-1.003834,-0.859885,1.513249,-0.332365,-0.256807,-0.340154,0.999983,-0.005418,0.002129,-0.000624,-0.014224,0.007968,-0.000867,0.264073,-0.006430,0.008097,-0.000540,-0.244064,-0.346436,1.313249,-0.066501,-0.302279,-0.340154,0.999983,-0.005418,0.002129,-0.000624,-0.014224,0.007968,-0.000867
0,67.190955,47,absolute,odom+predicted_accel,30,3.019739,0.098904,-0.785497,-0.507397,0.200000,-0.253790,0.076726,0.000000,0.000000,0.000000,0.000000,0.000000,0.000000,0.000000,0.000000,-1.036528,-0.884765,1.479424,-0.327941,-0.245517,-0.343151,0.999978,-0.006137,0.002543,-0.000668,-0.014860,0.008770,-0.000898,0.263996,-0.005459,0.008027,-0.000539,-0.251030,-0.377368,1.279424,-0.074151,-0.322243,-0.343151,0.999978,-0.006137,0.002543,-0.000668,-0.014860,0.008770,-0.000898
0,67.190955,47,absolute,odom+predicted_accel,31,3.118642,0.098820,-0.809984,-0.498286,0.200000,-0.241331,0.107443,0.000000,0.000000,0.000000,0.000000,0.000000,0.000000,0.000000,0.000000,-1.068708,-0.908430,1.445322,-0.322676,-0.232773,-0.346449,0.999972,-0.006885,0.002997,-0.000714,-0.015399,0.009565,-0.000928,0.263922,-0.004367,0.007857,-0.000538,-0.258724,-0.410145,1.245322,-0.081345,-0.340217,-0.346449,0.999972,-0.006885,0.002997,-0.000714,-0.015399,0.009565,-0.000928
0,67.190955,47,absolute,odom+predicted_accel,32,3.217462,0.098756,-0.833201,-0.486181,0.200000,-0.228508,0.137439,0.000000,0.000000,0.000000,0.000000,0.000000,0.000000,0.000000,0.000000,-1.100297,-0.930743,1.410908,-0.316498,-0.218530,-0.350040,0.999964,-0.007657,0.003489,-0.000762,-0.015830,0.010343,-0.000958,0.263855,-0.003160,0.007583,-0.000538,-0.267096,-0.444562,1.210908,-0.087990,-0.355969,-0.350040,0.999964,-0.007657,0.003489,-0.000762,-0.015830,0.010343,-0.000958
0,67.190955,47,absolute,odom+predicted_accel,33,3.316218,0.098710,-0.855120,-0.471165,0.200000,-0.215337,0.166534,0.000000,0.000000,0.000000,0.000000,0.000000,0.000000,0.000000,0.000000,-1.131207,-0.951560,1.376149,-0.309332,-0.202748,-0.353905,0.999956,-0.008446,0.004019,-0.000811,-0.016141,0.011093,-0.000988,0.263799,-0.001841,0.007201,-0.000537,-0.276087,-0.480395,1.176149,-0.093994,-0.369282,-0.353905,0.999956,-0.008446,0.004019,-0.000811,-0.016141,0.011093,-0.000988
0,67.190955,47,absolute,odom+predicted_accel,34,3.414928,0.098676,-0.875711,-0.453337,0.200000,-0.201839,0.194553,0.000000,0.000000,0.000000,0.000000,0.000000,0.000000,0.000000,0.000000,-1.161344,-0.970732,1.341013,-0.301107,-0.185400,-0.358006,0.999946,-0.009246,0.004584,-0.000862,-0.016322,0.011805,-0.001019,0.263763,-0.000417,0.006707,-0.000537,-0.285632,-0.517396,1.141013,-0.099268,-0.379953,-0.358006,0.999946,-0.009246,0.004584,-0.000862,-0.016322,0.011805,-0.001019
0,67.190955,47,absolute,odom+predicted_accel,35,3.513604,0.098647,-0.894949,-0.432810,0.200000,-0.188032,0.221327,0.000000,0.000000,0.000000,0.000000,0.000000,0.000000,0.000000,0.000000,-1.190603,-0.988109,1.305476,-0.291756,-0.166469,-0.362278,0.999936,-0.010052,0.005183,-0.000915,-0.016362,0.012468,-0.001049,0.263756,0.001108,0.006100,-0.000537,-0.295654,-0.555299,1.105476,-0.103724,-0.387796,-0.362278,0.999936,-0.010052,0.005183,-0.000915,-0.016362,0.012468,-0.001049
0,67.190955,47,absolute,odom+predicted_accel,36,3.612252,0.098612,-0.912804,-0.409716,0.200000,-0.173939,0.246691,0.000000,0.000000,0.000000,0.000000,0.000000,0.000000,0.000000,0.000000,-1.218874,-1.003534,1.269525,-0.281216,-0.145954,-0.366619,0.999924,-0.010856,0.005813,-0.000970,-0.016252,0.013071,-0.001079,0.263794,0.002727,0.005378,-0.000537,-0.306069,-0.593818,1.069525,-0.107277,-0.392644,-0.366619,0.999924,-0.010856,0.005813,-0.000970,-0.016252,0.013071,-0.001079
0,67.190955,47,absolute,odom+predicted_accel,37,3.710863,0.098556,-0.929251,-0.384206,0.200000,-0.159581,0.270487,0.000000,0.000000,0.000000,0.000000,0.000000,0.000000,0.000000,0.000000,-1.246034,-1.016854,1.233163,-0.269429,-0.123866,-0.370865,0.999911,-0.011651,0.006470,-0.001026,-0.015982,0.013602,-0.001109,0.263903,0.004434,0.004542,-0.000536,-0.316783,-0.632648,1.033163,-0.109848,-0.394353,-0.370865,0.999911,-0.011651,0.006470,-0.001026,-0.015982,0.013602,-0.001109
0,67.190955,47,absolute,odom+predicted_accel,38,3.809419,0.098462,-0.944260,-0.356449,0.200000,-0.144985,0.292565,0.000000,0.000000,0.000000,0.000000,0.000000,0.000000,0.000000,0.000000,-1.271953,-1.027913,1.196420,-0.256345,-0.100235,-0.374762,0.999897,-0.012427,0.007152,-0.001085,-0.015544,0.014051,-0.001139,0.264118,0.006219,0.003592,-0.000536,-0.327693,-0.671464,0.996420,-0.111360,-0.392800,-0.374762,0.999897,-0.012427,0.007152,-0.001085,-0.015544,0.014051,-0.001139
0,67.190955,47,absolute,odom+predicted_accel,39,3.907881,0.098312,-0.957808,-0.326635,0.200000,-0.130180,0.312783,0.000000,0.000000,0.000000,0.000000,0.000000,0.000000,0.000000,0.000000,-1.296494,-1.036561,1.159365,-0.241922,-0.075108,-0.377928,0.999882,-0.013177,0.007852,-0.001145,-0.014930,0.014406,-0.001169,0.264494,0.008073,0.002533,-0.000535,-0.338686,-0.709926,0.959365,-0.111742,-0.387891,-0.377928,0.999882,-0.013177,0.007852,-0.001145,-0.014930,0.014406,-0.001169
0,67.190955,47,absolute,odom+predicted_accel,40,4.006193,0.098085,-0.969871,-0.294976,0.200000,-0.115197,0.331010,0.000000,0.000000,0.000000,0.000000,0.000000,0.000000,0.000000,0.000000,-1.319513,-1.042655,1.122120,-0.226129,-0.048547,-0.379781,0.999866,-0.013891,0.008567,-0.001207,-0.014135,0.014657,-0.001199,0.265112,0.009986,0.001367,-0.000533,-0.349641,-0.747679,0.922120,-0.110932,-0.379558,-0.379781,0.999866,-0.013891,0.008567,-0.001207,-0.014135,0.014657,-0.001199
0,67.190955,47,absolute,odom+predicted_accel,41,4.104278,0.097759,-0.980430,-0.261705,0.200000,-0.100072,0.347132,0.000000,0.000000,0.000000,0.000000,0.000000,0.000000,0.000000,0.000000,-1.340861,-1.046063,1.084886,-0.208942,-0.020633,-0.379446,0.999850,-0.014559,0.009289,-0.001271,-0.013154,0.014792,-0.001228,0.266095,0.011943,0.000101,-0.000531,-0.360431,-0.784358,0.884886,-0.108869,-0.367765,-0.379446,0.999850,-0.014559,0.009289,-0.001271,-0.013154,0.014792,-0.001228
0,67.190955,47,absolute,odom+predicted_accel,42,4.202037,0.097314,-0.989469,-0.227076,0.200000,-0.084847,0.361050,0.000000,0.000000,0.000000,0.000000,0.000000,0.000000,0.000000,0.000000,-1.360389,-1.046668,1.047979,-0.190346,0.008545,-0.375616,0.999834,-0.015173,0.010012,-0.001336,-0.011986,0.014803,-0.001258,0.267623,0.013931,-0.001260,-0.000528,-0.370920,-0.819592,0.847979,-0.105500,-0.352505,-0.375616,0.999834,-0.015173,0.010012,-0.001336,-0.011986,0.014803,-0.001258
0,67.190955,47,absolute,odom+predicted_accel,43,4.299350,0.096727,-0.996983,-0.191361,0.200000,-0.069563,0.372686,0.000000,0.000000,0.000000,0.000000,0.000000,0.000000,0.000000,0.000000,-1.377949,-1.044372,1.011878,-0.170330,0.038889,-0.366363,0.999818,-0.015723,0.010729,-0.001403,-0.010628,0.014682,-0.001287,0.269951,0.015935,-0.002710,-0.000524,-0.380966,-0.853012,0.811878,-0.100768,-0.333797,-0.366363,0.999818,-0.015723,0.010729,-0.001403,-0.010628,0.014682,-0.001287
0,67.190955,47,absolute,odom+predicted_accel,44,4.396077,0.095952,-1.002972,-0.154848,0.200000,-0.054268,0.381990,0.000000,0.000000,0.000000,0.000000,0.000000,0.000000,0.000000,0.000000,-1.393398,-1.039103,0.977286,-0.148878,0.070310,-0.348893,0.999802,-0.016199,0.011432,-0.001472,-0.009086,0.014420,-0.001316,0.273412,0.017943,-0.004249,-0.000518,-0.390426,-0.884255,0.777286,-0.094610,-0.311680,-0.348893,0.999802,-0.016199,0.011432,-0.001472,-0.009086,0.014420,-0.001316
0,67.190955,47,absolute,odom+predicted_accel,45,4.492029,0.094794,-1.007448,-0.117848,0.200000,-0.039017,0.388933,0.000000,0.000000,0.000000,0.000000,0.000000,0.000000,0.000000,0.000000,-1.406595,-1.030812,0.945228,-0.125970,0.102721,-0.319327,0.999788,-0.016593,0.012114,-0.001543,-0.007363,0.014013,-0.001344,0.278305,0.019936,-0.005883,-0.000510,-0.399147,-0.912964,0.745228,-0.086953,-0.286212,-0.319327,0.999788,-0.016593,0.012114,-0.001543,-0.007363,0.014013,-0.001344
0,67.190955,47,absolute,odom+predicted_accel,46,4.586823,0.092230,-1.010430,-0.080748,0.200000,-0.023895,0.393515,0.000000,0.000000,0.000000,0.000000,0.000000,0.000000,0.000000,0.000000,-1.417392,-1.019506,0.917153,-0.101622,0.135985,-0.273008,0.999774,-0.016897,0.012764,-0.001614,-0.005472,0.013456,-0.001372,0.283966,0.021852,-0.007622,-0.000494,-0.406962,-0.938758,0.717153,-0.077727,-0.257530,-0.273008,0.999774,-0.016897,0.012764,-0.001614,-0.005472,0.013456,-0.001372
0,67.190955,47,absolute,odom+predicted_accel,47,4.679053,0.080467,-1.011954,-0.044337,0.200000,-0.009150,0.395768,0.000000,0.000000,0.000000,0.000000,0.000000,0.000000,0.000000,0.000000,-1.425602,-1.005426,0.894941,-0.076225,0.169478,-0.208668,0.999763,-0.017103,0.013367,-0.001686,-0.003455,0.012754,-0.001398,0.280861,0.023126,-0.009433,-0.000441,-0.413648,-0.961090,0.694941,-0.067075,-0.226290,-0.208668,0.999763,-0.017103,0.013367,-0.001686,-0.003455,0.012754,-0.001398
0,67.190955,47,absolute,odom+predicted_accel,48,4.759520,0.083045,-1.012173,-0.012474,0.200000,0.003724,0.395918,0.000000,0.000000,0.000000,0.000000,0.000000,0.000000,0.000000,0.000000,-1.430823,-0.990619,0.880036,-0.053383,0.198598,-0.161814,0.999754,-0.017204,0.013864,-0.001749,-0.001593,0.011995,-0.001418,0.273399,0.025132,-0.011079,-0.000442,-0.418650,-0.978145,0.680036,-0.057107,-0.197321,-0.161814,0.999754,-0.017204,0.013864,-0.001749,-0.001593,0.011995,-0.001418
0,67.190955,47,absolute,odom+predicted_accel,49,4.842566,0.085315,-1.011312,0.020350,0.200000,0.017004,0.394343,0.000000,0.000000,0.000000,0.000000,0.000000,0.000000,0.000000,0.000000,-1.434274,-0.972909,0.867653,-0.029609,0.227973,-0.136415,0.999747,-0.017227,0.014342,-0.001817,0.000495,0.011075,-0.001439,0.269228,0.026345,-0.012605,-0.000436,-0.422962,-0.993259,0.667653,-0.046613,-0.166371,-0.136415,0.999747,-0.017227,0.014342,-0.001817,0.000495,0.011075,-0.001439
0,67.190955,47,absolute,odom+predicted_accel,50,4.927881,0.087300,-1.009280,0.053858,0.200000,0.030626,0.390903,0.000000,0.000000,0.000000,0.000000,0.000000,0.000000,0.000000,0.000000,-1.435746,-0.952194,0.856565,-0.004764,0.257660,-0.123509,0.999742,-0.017158,0.014790,-0.001887,0.002744,0.009999,-0.001460,0.266873,0.027099,-0.014107,-0.000422,-0.426466,-1.006052,0.656565,-0.035389,-0.133243,-0.123509,0.999742,-0.017158,0.014790,-0.001887,0.002744,0.009999,-0.001460
0,67.190955,47,absolute,odom+predicted_accel,51,5.015180,0.089044,-1.005999,0.087759,0.200000,0.044526,0.385487,0.000000,0.000000,0.000000,0.000000,0.000000,0.000000,0.000000,0.000000,-1.435035,-0.928395,0.846027,0.021184,0.287568,-0.117923,0.999738,-0.016987,0.015198,-0.001961,0.005110,0.008767,-0.001481,0.265468,0.027646,-0.015637,-0.000401,-0.429035,-1.016154,0.646027,-0.023343,-0.097918,-0.117923,0.999738,-0.016987,0.015198,-0.001961,0.005110,0.008767,-0.001481
0,67.190955,47,absolute,odom+predicted_accel,52,5.104225,0.090599,-1.001406,0.121764,0.200000,0.058647,0.378013,0.000000,0.000000,0.000000,0.000000,0.000000,0.000000,0.000000,0.000000,-1.431951,-0.901454,0.835573,0.048188,0.317515,-0.116861,0.999737,-0.016705,0.015556,-0.002038,0.007573,0.007374,-0.001501,0.264520,0.028174,-0.017211,-0.000375,-0.430545,-1.023218,0.635573,-0.010459,-0.060498,-0.116861,0.999737,-0.016705,0.015556,-0.002038,0.007573,0.007374,-0.001501
0,67.190955,47,absolute,odom+predicted_accel,53,5.194824,0.092009,-0.995444,0.155589,0.200000,0.072936,0.368428,0.000000,0.000000,0.000000,0.000000,0.000000,0.000000,0.000000,0.000000,-1.426322,-0.871337,0.824891,0.076153,0.347265,-0.118958,0.999739,-0.016305,0.015853,-0.002117,0.010126,0.005814,-0.001520,0.263760,0.028817,-0.018820,-0.000345,-0.430878,-1.026926,0.624891,0.003217,-0.021163,-0.118958,0.999739,-0.016305,0.015853,-0.002117,0.010126,0.005814,-0.001520
0,67.190955,47,absolute,odom+predicted_accel,54,5.286832,0.093310,-0.988070,0.188961,0.200000,0.087348,0.356699,0.000000,0.000000,0.000000,0.000000,0.000000,0.000000,0.000000,0.000000,-1.417994,-0.838034,0.813729,0.104948,0.376549,-0.123663,0.999744,-0.015779,0.016078,-0.002200,0.012778,0.004081,-0.001539,0.263052,0.029666,-0.020436,-0.000311,-0.429924,-1.026995,0.613729,0.017600,0.019850,-0.123663,0.999744,-0.015779,0.016078,-0.002200,0.012778,0.004081,-0.001539
0,67.190955,47,absolute,odom+predicted_accel,55,5.380142,0.094528,-0.979242,0.221609,0.200000,0.101841,0.342815,0.000000,0.000000,0.000000,0.000000,0.000000,0.000000,0.000000,0.000000,-1.406829,-0.801561,0.801854,0.134413,0.405078,-0.130854,0.999752,-0.015119,0.016221,-0.002285,0.015547,0.002173,-0.001555,0.262346,0.030774,-0.022018,-0.000276,-0.427587,-1.023170,0.601854,0.032572,0.062263,-0.130854,0.999752,-0.015119,0.016221,-0.002285,0.015547,0.002173,-0.001555
0,67.190955,47,absolute,odom+predicted_accel,56,5.474670,0.095678,-0.968928,0.253269,0.200000,0.116379,0.326784,0.000000,0.000000,0.000000,0.000000,0.000000,0.000000,0.000000,0.000000,-1.392709,-0.761963,0.789025,0.164368,0.432542,-0.140576,0.999762,-0.014317,0.016272,-0.002372,0.018456,0.000090,-0.001570,0.261641,0.032161,-0.023519,-0.000241,-0.423781,-1.015232,0.589025,0.047990,0.105758,-0.140576,0.999762,-0.014317,0.016272,-0.002372,0.018456,0.000090,-0.001570
0,67.190955,47,absolute,odom+predicted_accel,57,5.570347,0.096764,-0.957096,0.283678,0.200000,0.130922,0.308636,0.000000,0.000000,0.000000,0.000000,0.000000,0.000000,0.000000,0.000000,-1.375535,-0.719320,0.774987,0.194610,0.458616,-0.152863,0.999776,-0.013362,0.016219,-0.002463,0.021533,-0.002163,-0.001583,0.260983,0.033818,-0.024891,-0.000207,-0.418439,-1.002998,0.574987,0.063688,0.149980,-0.152863,0.999776,-0.013362,0.016219,-0.002463,0.021533,-0.002163,-0.001583
0,67.190955,47,absolute,odom+predicted_accel,58,5.667112,0.097785,-0.943724,0.312577,0.200000,0.145434,0.288425,0.000000,0.000000,0.000000,0.000000,0.000000,0.000000,0.000000,0.000000,-1.355235,-0.673751,0.759483,0.224919,0.482957,-0.167587,0.999793,-0.012243,0.016052,-0.002556,0.024805,-0.004574,-0.001594,0.260471,0.035708,-0.026092,-0.000175,-0.411511,-0.986328,0.559483,0.079485,0.194532,-0.167587,0.999793,-0.012243,0.016052,-0.002556,0.024805,-0.004574,-0.001594
0,67.190955,47,absolute,odom+predicted_accel,59,5.764897,0.098734,-0.928795,0.339706,0.200000,0.159877,0.266225,0.000000,0.000000,0.000000,0.000000,0.000000,0.000000,0.000000,0.000000,-1.331764,-0.625420,0.742280,0.255061,0.505202,-0.184251,0.999812,-0.010947,0.015762,-0.002651,0.028296,-0.007129,-0.001604,0.260298,0.037772,-0.027085,-0.000148,-0.402969,-0.965126,0.542280,0.095184,0.238976,-0.184251,0.999812,-0.010947,0.015762,-0.002651,0.028296,-0.007129,-0.001604
0,67.190955,47,absolute,odom+predicted_accel,60,5.863631,0.099567,-0.912300,0.364812,0.200000,0.174210,0.242136,0.000000,0.000000,0.000000,0.000000,0.000000,0.000000,0.000000,0.000000,-1.305106,-0.574543,0.723229,0.284799,0.524969,-0.201631,0.999834,-0.009460,0.015339,-0.002749,0.032024,-0.009806,-0.001612,0.260593,0.039932,-0.027849,-0.000125,-0.392806,-0.939356,0.523229,0.110588,0.282833,-0.201631,0.999834,-0.009460,0.015339,-0.002749,0.032024,-0.009806,-0.001612
0,67.190955,47,absolute,odom+predicted_accel,61,5.963198,0.100273,-0.894247,0.387643,0.200000,0.188389,0.216292,0.000000,0.000000,0.000000,0.000000,0.000000,0.000000,0.000000,0.000000,-1.275294,-0.521410,0.702339,0.313876,0.541839,-0.217984,0.999857,-0.007770,0.014776,-0.002851,0.035999,-0.012583,-0.001620,0.261217,0.042092,-0.028380,-0.000106,-0.381047,-0.909053,0.502339,0.125487,0.325548,-0.217984,0.999857,-0.007770,0.014776,-0.002851,0.035999,-0.012583,-0.001620
0,67.190955,47,absolute,odom+predicted_accel,62,6.063471,0.100881,-0.874654,0.407964,0.200000,0.202364,0.188851,0.000000,0.000000,0.000000,0.000000,0.000000,0.000000,0.000000,0.000000,-1.242400,-0.466372,0.679775,0.341995,0.555340,-0.232046,0.999879,-0.005863,0.014068,-0.002955,0.040218,-0.015434,-0.001626,0.261948,0.044149,-0.028687,-0.000090,-0.367746,-0.874337,0.479775,0.139631,0.366490,-0.232046,0.999879,-0.005863,0.014068,-0.002955,0.040218,-0.015434,-0.001626
0,67.190955,47,absolute,odom+predicted_accel,63,6.164352,0.101411,-0.853545,0.425568,0.200000,0.216093,0.159988,0.000000,0.000000,0.000000,0.000000,0.000000,0.000000,0.000000,0.000000,-1.206532,-0.409831,0.655794,0.368827,0.564960,-0.243375,0.999901,-0.003726,0.013209,-0.003062,0.044669,-0.018333,-0.001631,0.262649,0.045998,-0.028770,-0.000075,-0.352987,-0.835398,0.455794,0.152733,0.404972,-0.243375,0.999901,-0.003726,0.013209,-0.003062,0.044669,-0.018333,-0.001631
0,67.190955,47,absolute,odom+predicted_accel,64,6.265763,0.101878,-0.830946,0.440273,0.200000,0.229538,0.129895,0.000000,0.000000,0.000000,0.000000,0.000000,0.000000,0.000000,0.000000,-1.167835,-0.352236,0.630672,0.394019,0.570157,-0.252050,0.999920,-0.001347,0.012198,-0.003172,0.049331,-0.021257,-0.001635,0.263239,0.047541,-0.028616,-0.000058,-0.336889,-0.792508,0.430672,0.164481,0.440262,-0.252050,0.999920,-0.001347,0.012198,-0.003172,0.049331,-0.021257,-0.001635
0,67.190955,47,absolute,odom+predicted_accel,65,6.367641,0.102297,-0.806890,0.451926,0.200000,0.242663,0.098773,0.000000,0.000000,0.000000,0.000000,0.000000,0.000000,0.000000,0.000000,-1.126493,-0.294095,0.604666,0.417213,0.570369,-0.258474,0.999933,0.001284,0.011033,-0.003286,0.054172,-0.024179,-0.001638,0.263669,0.048681,-0.028179,-0.000037,-0.319603,-0.746021,0.404666,0.174550,0.471595,-0.258474,0.999933,0.001284,0.011033,-0.003286,0.054172,-0.024179,-0.001638
0,67.190955,47,absolute,odom+predicted_accel,66,6.469938,0.102679,-0.781410,0.460401,0.200000,0.255433,0.066835,0.000000,0.000000,0.000000,0.000000,0.000000,0.000000,0.000000,0.000000,-1.082726,-0.235973,0.577980,0.438043,0.565019,-0.263255,0.999938,0.004177,0.009713,-0.003404,0.059149,-0.027068,-0.001641,0.263919,0.049324,-0.027382,-0.000013,-0.301316,-0.696374,0.377980,0.182610,0.498185,-0.263255,0.999938,0.004177,0.009713,-0.003404,0.059149,-0.027068,-0.001641
0,67.190955,47,absolute,odom+predicted_accel,67,6.572617,0.103034,-0.754544,0.465595,0.200000,0.267820,0.034298,0.000000,0.000000,0.000000,0.000000,0.000000,0.000000,0.000000,0.000000,-1.036794,-0.178493,0.550752,0.456151,0.553526,-0.267102,0.999933,0.007337,0.008240,-0.003525,0.064209,-0.029888,-0.001641,0.263998,0.049377,-0.026131,0.000014,-0.282250,-0.644089,0.350752,0.188331,0.519228,-0.267102,0.999933,0.007337,0.008240,-0.003525,0.064209,-0.029888,-0.001641
0,67.190955,47,absolute,odom+predicted_accel,68,6.675652,0.103356,-0.726329,0.467435,0.200000,0.279793,0.001386,0.000000,0.000000,0.000000,0.000000,0.000000,0.000000,0.000000,0.000000,-0.988992,-0.122341,0.523046,0.471189,0.535305,-0.270707,0.999913,0.010769,0.006619,-0.003650,0.069293,-0.032589,-0.001640,0.263948,0.048766,-0.024346,0.000045,-0.262663,-0.589775,0.323046,0.191396,0.533919,-0.270707,0.999913,0.010769,0.006619,-0.003650,0.069293,-0.032589,-0.001640
0,67.190955,47,absolute,odom+predicted_accel,69,6.779008,0.103615,-0.696811,0.465869,0.200000,0.291324,-0.031667,0.000000,0.000000,0.000000,0.000000,0.000000,0.000000,0.000000,0.000000,-0.939660,-0.068268,0.494866,0.482827,0.509778,-0.274627,0.999876,0.014473,0.004857,-0.003778,0.074329,-0.035114,-0.001638,0.263846,0.047419,-0.021971,0.000076,-0.242849,-0.534137,0.294866,0.191503,0.541445,-0.274627,0.999876,0.014473,0.004857,-0.003778,0.074329,-0.035114,-0.001638
0,67.190955,47,absolute,odom+predicted_accel,70,6.882623,0.103738,-0.666049,0.460879,0.200000,0.302382,-0.064612,0.000000,0.000000,0.000000,0.000000,0.000000,0.000000,0.000000,0.000000,-0.889189,-0.017107,0.466179,0.490759,0.476388,-0.279137,0.999818,0.018443,0.002965,-0.003909,0.079238,-0.037401,-0.001633,0.263817,0.045227,-0.018974,0.000106,-0.223140,-0.477986,0.266179,0.188377,0.541000,-0.279137,0.999818,0.018443,0.002965,-0.003909,0.079238,-0.037401,-0.001633
0,67.190955,47,absolute,odom+predicted_accel,71,6.986360,0.103577,-0.634130,0.452483,0.200000,0.312930,-0.097179,0.000000,0.000000,0.000000,0.000000,0.000000,0.000000,0.000000,0.000000,-0.838039,0.030221,0.436970,0.494713,0.434624,-0.284050,0.999734,0.022665,0.000960,-0.004043,0.083924,-0.039379,-0.001627,0.264034,0.041986,-0.015338,0.000130,-0.203909,-0.422262,0.236970,0.181782,0.531802,-0.284050,0.999734,0.022665,0.000960,-0.004043,0.083924,-0.039379,-0.001627
0,67.190955,47,absolute,odom+predicted_accel,72,7.089937,0.102887,-0.601196,0.440762,0.200000,0.322923,-0.129055,0.000000,0.000000,0.000000,0.000000,0.000000,0.000000,0.000000,0.000000,-0.786775,0.072699,0.407322,0.494469,0.384075,-0.288513,0.999623,0.027114,-0.001137,-0.004178,0.088268,-0.040979,-0.001619,0.264674,0.037472,-0.011146,0.000144,-0.185578,-0.368062,0.207322,0.171545,0.513130,-0.288513,0.999623,0.027114,-0.001137,-0.004178,0.088268,-0.040979,-0.001619
0,67.190955,47,absolute,odom+predicted_accel,73,7.192824,0.101451,-0.567485,0.425892,0.200000,0.332300,-0.159872,0.000000,0.000000,0.000000,0.000000,0.000000,0.000000,0.000000,0.000000,-0.736099,0.109236,0.377513,0.489895,0.324560,-0.291019,0.999481,0.031743,-0.003291,-0.004314,0.092118,-0.042137,-0.001611,0.265739,0.031691,-0.006763,0.000144,-0.168614,-0.316656,0.177513,0.157595,0.484432,-0.291019,0.999481,0.031743,-0.003291,-0.004314,0.092118,-0.042137,-0.001611
0,67.190955,47,absolute,odom+predicted_accel,74,7.294275,0.099280,-0.533328,0.408176,0.200000,0.340995,-0.189230,0.000000,0.000000,0.000000,0.000000,0.000000,0.000000,0.000000,0.000000,-0.686814,0.138780,0.348041,0.481003,0.256261,-0.290119,0.999309,0.036485,-0.005463,-0.004448,0.095328,-0.042835,-0.001603,0.266909,0.024795,-0.002914,0.000126,-0.153485,-0.269395,0.148041,0.140008,0.445491,-0.290119,0.999309,0.036485,-0.005463,-0.004448,0.095328,-0.042835,-0.001603
0,67.190955,47,absolute,odom+predicted_accel,75,7.393555,0.096652,-0.499075,0.388013,0.200000,0.348960,-0.216786,0.000000,0.000000,0.000000,0.000000,0.000000,0.000000,0.000000,0.000000,-0.639672,0.160505,0.319465,0.467974,0.179771,-0.285675,0.999109,0.041265,-0.007614,-0.004579,0.097784,-0.043136,-0.001596,0.267709,0.016531,-0.000204,0.000092,-0.140596,-0.227508,0.119465,0.119015,0.396557,-0.285675,0.999109,0.041265,-0.007614,-0.004579,0.097784,-0.043136,-0.001596
0,67.190955,47,absolute,odom+predicted_accel,76,7.490208,0.093951,-0.464995,0.365818,0.200000,0.356180,-0.242318,0.000000,0.000000,0.000000,0.000000,0.000000,0.000000,0.000000,0.000000,-0.595223,0.173906,0.292168,0.451128,0.095958,-0.279310,0.998882,0.046016,-0.009716,-0.004706,0.099377,-0.043167,-0.001591,0.267937,0.006595,0.001695,0.000060,-0.130228,-0.191912,0.092168,0.094949,0.338275,-0.279310,0.998882,0.046016,-0.009716,-0.004706,0.099377,-0.043167,-0.001591
0,67.190955,47,absolute,odom+predicted_accel,77,7.584159,0.091511,-0.431223,0.341942,0.200000,0.362683,-0.265764,0.000000,0.000000,0.000000,0.000000,0.000000,0.000000,0.000000,0.000000,-0.553763,0.178749,0.266220,0.430832,0.005654,-0.273216,0.998634,0.050684,-0.011756,-0.004828,0.099992,-0.043019,-0.001587,0.268123,-0.004275,0.003822,0.000044,-0.122540,-0.163192,0.066220,0.068148,0.271419,-0.273216,0.998634,0.050684,-0.011756,-0.004828,0.099992,-0.043019,-0.001587
0,67.190955,47,absolute,odom+predicted_accel,78,7.675670,0.089919,-0.397763,0.316633,0.200000,0.368522,-0.287175,0.000000,0.000000,0.000000,0.000000,0.000000,0.000000,0.000000,0.000000,-0.515385,0.174922,0.241483,0.407355,-0.090716,-0.267587,0.998367,0.055234,-0.013732,-0.004946,0.099596,-0.042680,-0.001585,0.271964,-0.014215,0.006385,0.000043,-0.117621,-0.141710,0.041483,0.038833,0.196459,-0.267587,0.998367,0.055234,-0.013732,-0.004946,0.099596,-0.042680,-0.001585
0,67.190955,47,absolute,odom+predicted_accel,79,7.765590,0.088016,-0.364387,0.289921,0.200000,0.373774,-0.306732,0.000000,0.000000,0.000000,0.000000,0.000000,0.000000,0.000000,0.000000,-0.479942,0.162145,0.218205,0.380384,-0.194865,-0.250336,0.998083,0.059667,-0.015653,-0.005061,0.098313,-0.042117,-0.001583,0.295677,-0.020295,0.008299,0.000045,-0.115555,-0.127777,0.018205,0.006610,0.111867,-0.250336,0.998083,0.059667,-0.015653,-0.005061,0.098313,-0.042117,-0.001583
0,67.190955,47,absolute,odom+predicted_accel,80,7.853606,0.100000,-0.331280,0.262139,0.200000,0.378444,-0.324350,0.000000,0.000000,0.000000,0.000000,0.000000,0.000000,0.000000,0.000000,-0.447862,0.139812,0.200251,0.347995,-0.314003,-0.157809,0.997787,0.063937,-0.017505,-0.005173,0.096523,-0.041397,-0.001581,0,0,0,0,-0.116582,-0.122327,0.000251,-0.030449,0.010347,-0.157809,0.997787,0.063937,-0.017505,-0.005173,0.096523,-0.041397,-0.001581
