timestamp,solve_num,x,y,z,vx,vy,vz,qw,qx,qy,qz,wx,wy,wz,fz,mx,my,mz,acc_x,acc_y,acc_z
38233.130470,0,-0.001162,-0.000797,2.484375,-0.341871,-0.287291,-0.285547,1.000000,0.000000,0.000000,0.000000,0.000000,0.000000,0.000000,0.255270,0.003118,0.001223,-0.000495,0.000000,0.000000,-0.355562
38233.230497,0,-0.036404,-0.030430,2.453056,-0.342022,-0.287829,-0.322193,1.000000,0.000008,0.000003,-0.000001,0.000321,0.000126,-0.000029,0.260289,0.002752,0.000399,-0.000496,0.000063,-0.000160,-0.169653
38233.330492,0,-0.071498,-0.059985,2.419110,-0.342164,-0.288427,-0.339598,1.000000,0.000032,0.000011,-0.000003,0.000604,0.000167,-0.000058,0.262977,0.002268,-0.000208,-0.000497,0.000210,-0.000623,-0.070098
38233.430464,0,-0.106479,-0.089497,2.384031,-0.342291,-0.289108,-0.346763,1.000000,0.000069,0.000019,-0.000007,0.000836,0.000146,-0.000087,0.264393,0.001691,-0.000634,-0.000498,0.000367,-0.001347,-0.017684
38233.530494,0,-0.141364,-0.118993,2.348603,-0.342405,-0.289894,-0.348565,1.000000,0.000116,0.000025,-0.000012,0.001008,0.000081,-0.000116,0.265113,0.001041,-0.000902,-0.000500,0.000482,-0.002273,0.008984
38233.630475,0,-0.176170,-0.148498,2.313221,-0.342512,-0.290796,-0.347652,1.000000,0.000170,0.000026,-0.000018,0.001114,-0.000011,-0.000145,0.265454,0.000335,-0.001032,-0.000502,0.000517,-0.003336,0.021621
38233.730510,0,-0.210913,-0.178037,2.278073,-0.342621,-0.291821,-0.345459,1.000000,0.000227,0.000023,-0.000027,0.001148,-0.000115,-0.000173,0.265590,-0.000411,-0.001041,-0.000504,0.000455,-0.004465,0.026657
38233.830506,0,-0.245607,-0.207635,2.243233,-0.342743,-0.292967,-0.342760,1.000000,0.000284,0.000015,-0.000036,0.001106,-0.000221,-0.000202,0.265616,-0.001185,-0.000943,-0.000506,0.000287,-0.005588,0.027626
38233.930522,0,-0.280268,-0.237315,2.208717,-0.342887,-0.294225,-0.339967,1.000000,0.000337,0.000001,-0.000047,0.000986,-0.000316,-0.000232,0.265585,-0.001976,-0.000750,-0.000508,0.000020,-0.006628,0.026466
38234.030529,0,-0.314909,-0.267096,2.174513,-0.343062,-0.295580,-0.337294,1.000000,0.000382,-0.000017,-0.000059,0.000787,-0.000392,-0.000261,0.265525,-0.002773,-0.000475,-0.000511,-0.000332,-0.007507,0.024239
38234.130527,0,-0.349541,-0.296994,2.140596,-0.343275,-0.297005,-0.334848,1.000000,0.000414,-0.000038,-0.000073,0.000507,-0.000440,-0.000290,0.265451,-0.003569,-0.000128,-0.000513,-0.000744,-0.008146,0.021519
38234.230512,0,-0.384175,-0.327019,2.106933,-0.343531,-0.298470,-0.332677,1.000000,0.000431,-0.000060,-0.000089,0.000147,-0.000453,-0.000319,0.265373,-0.004354,0.000281,-0.000516,-0.001187,-0.008468,0.018613
38234.330577,0,-0.418819,-0.357176,2.073491,-0.343831,-0.299934,-0.330801,1.000000,0.000427,-0.000082,-0.000106,-0.000292,-0.000425,-0.000349,0.265293,-0.005119,0.000743,-0.000519,-0.001621,-0.008393,0.015681
38234.430550,0,-0.453481,-0.387466,2.040238,-0.344172,-0.301350,-0.329221,1.000000,0.000399,-0.000102,-0.000124,-0.000808,-0.000350,-0.000379,0.265216,-0.005856,0.001248,-0.000522,-0.002003,-0.007846,0.012797
38234.530553,0,-0.488163,-0.417880,2.007143,-0.344544,-0.302661,-0.327932,1.000000,0.000344,-0.000116,-0.000144,-0.001398,-0.000224,-0.000409,0.265140,-0.006556,0.001788,-0.000525,-0.002286,-0.006752,0.009995
38234.630557,0,-0.522870,-0.448407,1.974178,-0.344937,-0.303807,-0.326926,1.000000,0.000257,-0.000123,-0.000165,-0.002058,-0.000044,-0.000439,0.265067,-0.007208,0.002354,-0.000528,-0.002417,-0.005042,0.007280
38234.730565,0,-0.557599,-0.479023,1.941317,-0.345330,-0.304718,-0.326193,1.000000,0.000135,-0.000119,-0.000188,-0.002783,0.000193,-0.000469,0.264995,-0.007803,0.002937,-0.000530,-0.002342,-0.002650,0.004646
38234.830578,0,-0.592349,-0.509699,1.908533,-0.345702,-0.305320,-0.325726,1.000000,-0.000025,-0.000102,-0.000212,-0.003568,0.000489,-0.000499,0.264926,-0.008331,0.003529,-0.000533,-0.002004,0.000484,0.002079
38234.930579,0,-0.627111,-0.540397,1.875805,-0.346021,-0.305532,-0.325517,1.000000,-0.000225,-0.000069,-0.000238,-0.004405,0.000844,-0.000530,0.264858,-0.008783,0.004119,-0.000536,-0.001345,0.004415,-0.000440
38235.030586,0,-0.661874,-0.571070,1.843110,-0.346252,-0.305269,-0.325561,1.000000,-0.000468,-0.000016,-0.000266,-0.005287,0.001257,-0.000560,0.264791,-0.009147,0.004700,-0.000538,-0.000307,0.009186,-0.002930
38235.130588,0,-0.696623,-0.601663,1.810428,-0.346355,-0.304444,-0.325855,1.000000,-0.000757,0.000059,-0.000294,-0.006205,0.001729,-0.000591,0.264724,-0.009415,0.005263,-0.000540,0.001165,0.014837,-0.005411
38235.230592,0,-0.731339,-0.632109,1.777737,-0.346284,-0.302965,-0.326398,0.999999,-0.001091,0.000159,-0.000325,-0.007149,0.002257,-0.000622,0.264657,-0.009578,0.005798,-0.000541,0.003127,0.021392,-0.007906
38235.330591,0,-0.765996,-0.662336,1.745017,-0.345986,-0.300741,-0.327191,0.999999,-0.001473,0.000287,-0.000357,-0.008108,0.002838,-0.000652,0.264589,-0.009628,0.006297,-0.000542,0.005631,0.028870,-0.010435
38235.430652,0,-0.800566,-0.692261,1.712247,-0.345406,-0.297679,-0.328236,0.999998,-0.001903,0.000445,-0.000390,-0.009070,0.003468,-0.000683,0.264521,-0.009557,0.006751,-0.000543,0.008725,0.037275,-0.013016
38235.530605,0,-0.835013,-0.721794,1.679406,-0.344482,-0.293688,-0.329538,0.999997,-0.002379,0.000635,-0.000425,-0.010024,0.004143,-0.000714,0.264450,-0.009362,0.007152,-0.000543,0.012452,0.046599,-0.015667
38235.630586,0,-0.869297,-0.750835,1.646470,-0.343151,-0.288678,-0.331103,0.999995,-0.002902,0.000859,-0.000462,-0.010958,0.004857,-0.000745,0.264378,-0.009037,0.007492,-0.000543,0.016851,0.056825,-0.018401
38235.730633,0,-0.903374,-0.779280,1.613414,-0.341345,-0.282564,-0.332938,0.999993,-0.003470,0.001120,-0.000500,-0.011857,0.005603,-0.000776,0.264304,-0.008581,0.007764,-0.000542,0.021954,0.067922,-0.021226
38235.830620,0,-0.937194,-0.807016,1.580212,-0.338993,-0.275264,-0.335053,0.999991,-0.004080,0.001417,-0.000540,-0.012710,0.006376,-0.000806,0.264228,-0.007994,0.007959,-0.000542,0.027787,0.079845,-0.024141
38235.930631,0,-0.970701,-0.833926,1.546834,-0.336025,-0.266702,-0.337456,0.999987,-0.004731,0.001754,-0.000581,-0.013503,0.007167,-0.000837,0.264151,-0.007276,0.008073,-0.000541,0.034368,0.092542,-0.027135
38236.030637,0,-1.003834,-0.859885,1.513249,-0.332365,-0.256807,-0.340154,0.999983,-0.005418,0.002129,-0.000624,-0.014224,0.007968,-0.000867,0.264073,-0.006430,0.008097,-0.000540,0.041710,0.105946,-0.030181
38236.130643,0,-1.036528,-0.884765,1.479424,-0.327941,-0.245517,-0.343151,0.999978,-0.006137,0.002543,-0.000668,-0.014860,0.008770,-0.000898,0.263996,-0.005459,0.008027,-0.000539,0.049818,0.119981,-0.033229
38236.230646,0,-1.068708,-0.908430,1.445322,-0.322676,-0.232773,-0.346449,0.999972,-0.006885,0.002997,-0.000714,-0.015399,0.009565,-0.000928,0.263922,-0.004367,0.007857,-0.000538,0.058686,0.134560,-0.036201
38236.330655,0,-1.100297,-0.930743,1.410908,-0.316498,-0.218530,-0.350040,0.999964,-0.007657,0.003489,-0.000762,-0.015830,0.010343,-0.000958,0.263855,-0.003160,0.007583,-0.000538,0.068305,0.149588,-0.038973
38236.430664,0,-1.131207,-0.951560,1.376149,-0.309332,-0.202748,-0.353905,0.999956,-0.008446,0.004019,-0.000811,-0.016141,0.011093,-0.000988,0.263799,-0.001841,0.007201,-0.000537,0.078655,0.164962,-0.041362
38236.530661,0,-1.161344,-0.970732,1.341013,-0.301107,-0.185400,-0.358006,0.999946,-0.009246,0.004584,-0.000862,-0.016322,0.011805,-0.001019,0.263763,-0.000417,0.006707,-0.000537,0.089709,0.180569,-0.043097
38236.630675,0,-1.190603,-0.988109,1.305476,-0.291756,-0.166469,-0.362278,0.999936,-0.010052,0.005183,-0.000915,-0.016362,0.012468,-0.001049,0.263756,0.001108,0.006100,-0.000537,0.101431,0.196292,-0.043776
38236.730684,0,-1.218874,-1.003534,1.269525,-0.281216,-0.145954,-0.366619,0.999924,-0.010856,0.005813,-0.000970,-0.016252,0.013071,-0.001079,0.263794,0.002727,0.005378,-0.000537,0.113780,0.212010,-0.042800
38236.830684,0,-1.246034,-1.016854,1.233163,-0.269429,-0.123866,-0.370865,0.999911,-0.011651,0.006470,-0.001026,-0.015982,0.013602,-0.001109,0.263903,0.004434,0.004542,-0.000536,0.126709,0.227600,-0.039278
38236.930685,0,-1.271953,-1.027913,1.196420,-0.256345,-0.100235,-0.374762,0.999897,-0.012427,0.007152,-0.001085,-0.015544,0.014051,-0.001139,0.264118,0.006219,0.003592,-0.000536,0.140171,0.242948,-0.031866
38237.030688,0,-1.296494,-1.036561,1.159365,-0.241922,-0.075108,-0.377928,0.999882,-0.013177,0.007852,-0.001145,-0.014930,0.014406,-0.001169,0.264494,0.008073,0.002533,-0.000535,0.154123,0.257952,-0.018543
38237.130700,0,-1.319513,-1.042655,1.122120,-0.226129,-0.048547,-0.379781,0.999866,-0.013891,0.008567,-0.001207,-0.014135,0.014657,-0.001199,0.265112,0.009986,0.001367,-0.000533,0.168539,0.272542,0.003732
38237.230710,0,-1.340861,-1.046063,1.084886,-0.208942,-0.020633,-0.379446,0.999850,-0.014559,0.009289,-0.001271,-0.013154,0.014792,-0.001228,0.266095,0.011943,0.000101,-0.000531,0.183424,0.286698,0.039493
38237.330724,0,-1.360389,-1.046668,1.047979,-0.190346,0.008545,-0.375616,0.999834,-0.015173,0.010012,-0.001336,-0.011986,0.014803,-0.001258,0.267623,0.013931,-0.001260,-0.000528,0.198842,0.300477,0.095402
38237.430723,0,-1.377949,-1.044372,1.011878,-0.170330,0.038889,-0.366363,0.999818,-0.015723,0.010729,-0.001403,-0.010628,0.014682,-0.001287,0.269951,0.015935,-0.002710,-0.000524,0.214938,0.314043,0.180922
38237.530734,0,-1.393398,-1.039103,0.977286,-0.148878,0.070310,-0.348893,0.999802,-0.016199,0.011432,-0.001472,-0.009086,0.014420,-0.001316,0.273412,0.017943,-0.004249,-0.000518,0.231968,0.327674,0.308427
38237.630711,0,-1.406595,-1.030812,0.945228,-0.125970,0.102721,-0.319327,0.999788,-0.016593,0.012114,-0.001543,-0.007363,0.014013,-0.001344,0.278305,0.019936,-0.005883,-0.000510,0.250198,0.341620,0.488907
38237.730730,0,-1.417392,-1.019506,0.917153,-0.101622,0.135985,-0.273008,0.999774,-0.016897,0.012764,-0.001614,-0.005472,0.013456,-0.001372,0.283966,0.021852,-0.007622,-0.000494,0.268994,0.354914,0.697844
38237.830738,0,-1.425602,-1.005426,0.894941,-0.076225,0.169478,-0.208668,0.999763,-0.017103,0.013367,-0.001686,-0.003455,0.012754,-0.001398,0.280861,0.023126,-0.009433,-0.000441,0.278633,0.355266,0.582461
38237.930818,0,-1.430823,-0.990619,0.880036,-0.053383,0.198598,-0.161814,0.999754,-0.017204,0.013864,-0.001749,-0.001593,0.011995,-0.001418,0.273399,0.025132,-0.011079,-0.000442,0.281315,0.347842,0.305990
38238.030748,0,-1.434274,-0.972909,0.867653,-0.029609,0.227973,-0.136415,0.999747,-0.017227,0.014342,-0.001817,0.000495,0.011075,-0.001439,0.269228,0.026345,-0.012605,-0.000436,0.286573,0.342952,0.151387
38238.130750,0,-1.435746,-0.952194,0.856565,-0.004764,0.257660,-0.123509,0.999742,-0.017158,0.014790,-0.001887,0.002744,0.009999,-0.001460,0.266873,0.027099,-0.014107,-0.000422,0.292944,0.338550,0.064058
38238.230764,0,-1.435035,-0.928395,0.846027,0.021184,0.287568,-0.117923,0.999738,-0.016987,0.015198,-0.001961,0.005110,0.008767,-0.001481,0.265468,0.027646,-0.015637,-0.000401,0.299441,0.333364,0.011947
38238.330740,0,-1.431951,-0.901454,0.835573,0.048188,0.317515,-0.116861,0.999737,-0.016705,0.015556,-0.002038,0.007573,0.007374,-0.001501,0.264520,0.028174,-0.017211,-0.000375,0.305389,0.326612,-0.023170
38238.430768,0,-1.426322,-0.871337,0.824891,0.076153,0.347265,-0.118958,0.999739,-0.016305,0.015853,-0.002117,0.010126,0.005814,-0.001520,0.263760,0.028817,-0.018820,-0.000345,0.310316,0.317818,-0.051227
38238.530765,0,-1.417994,-0.838034,0.813729,0.104948,0.376549,-0.123663,0.999744,-0.015779,0.016078,-0.002200,0.012778,0.004081,-0.001539,0.263052,0.029666,-0.020436,-0.000311,0.313878,0.306684,-0.077205
38238.630767,0,-1.406829,-0.801561,0.801854,0.134413,0.405078,-0.130854,0.999752,-0.015119,0.016221,-0.002285,0.015547,0.002173,-0.001555,0.262346,0.030774,-0.022018,-0.000276,0.315817,0.293012,-0.103049
38238.730779,0,-1.392709,-0.761963,0.789025,0.164368,0.432542,-0.140576,0.999762,-0.014317,0.016272,-0.002372,0.018456,0.000090,-0.001570,0.261641,0.032161,-0.023519,-0.000241,0.315940,0.276653,-0.128692
38238.830799,0,-1.375535,-0.719320,0.774987,0.194610,0.458616,-0.152863,0.999776,-0.013362,0.016219,-0.002463,0.021533,-0.002163,-0.001583,0.260983,0.033818,-0.024891,-0.000207,0.314107,0.257479,-0.152481
38238.930794,0,-1.355235,-0.673751,0.759483,0.224919,0.482957,-0.167587,0.999793,-0.012243,0.016052,-0.002556,0.024805,-0.004574,-0.001594,0.260471,0.035708,-0.026092,-0.000175,0.310248,0.235370,-0.170783
38239.030788,0,-1.331764,-0.625420,0.742280,0.255061,0.505202,-0.184251,0.999812,-0.010947,0.015762,-0.002651,0.028296,-0.007129,-0.001604,0.260298,0.037772,-0.027085,-0.000148,0.304407,0.210222,-0.176441
38239.130776,0,-1.305106,-0.574543,0.723229,0.284799,0.524969,-0.201631,0.999834,-0.009460,0.015339,-0.002749,0.032024,-0.009806,-0.001612,0.260593,0.039932,-0.027849,-0.000125,0.296541,0.181772,-0.164691
38239.230798,0,-1.275294,-0.521410,0.702339,0.313876,0.541839,-0.217984,0.999857,-0.007770,0.014776,-0.002851,0.035999,-0.012583,-0.001620,0.261217,0.042092,-0.028380,-0.000106,0.286298,0.149513,-0.140681
38239.330865,0,-1.242400,-0.466372,0.679775,0.341995,0.555340,-0.232046,0.999879,-0.005863,0.014068,-0.002955,0.040218,-0.015434,-0.001626,0.261948,0.044149,-0.028687,-0.000090,0.273268,0.112945,-0.112740
38239.430811,0,-1.206532,-0.409831,0.655794,0.368827,0.564960,-0.243375,0.999901,-0.003726,0.013209,-0.003062,0.044669,-0.018333,-0.001631,0.262649,0.045998,-0.028770,-0.000075,0.257193,0.071700,-0.085922
38239.530820,0,-1.167835,-0.352236,0.630672,0.394019,0.570157,-0.252050,0.999920,-0.001347,0.012198,-0.003172,0.049331,-0.021257,-0.001635,0.263239,0.047541,-0.028616,-0.000058,0.237919,0.025516,-0.063337
38239.630796,0,-1.126493,-0.294095,0.604666,0.417213,0.570369,-0.258474,0.999933,0.001284,0.011033,-0.003286,0.054172,-0.024179,-0.001638,0.263669,0.048681,-0.028179,-0.000037,0.215380,-0.025782,-0.046884
38239.730821,0,-1.082726,-0.235973,0.577980,0.438043,0.565019,-0.263255,0.999938,0.004177,0.009713,-0.003404,0.059149,-0.027068,-0.001641,0.263919,0.049324,-0.027382,-0.000013,0.189586,-0.082291,-0.037410
38239.830829,0,-1.036794,-0.178493,0.550752,0.456151,0.553526,-0.267102,0.999933,0.007337,0.008240,-0.003525,0.064209,-0.029888,-0.001641,0.263998,0.049377,-0.026131,0.000014,0.160622,-0.144038,-0.034670
38239.930870,0,-0.988992,-0.122341,0.523046,0.471189,0.535305,-0.270707,0.999913,0.010769,0.006619,-0.003650,0.069293,-0.032589,-0.001640,0.263948,0.048766,-0.024346,0.000045,0.128640,-0.211012,-0.037271
38240.030844,0,-0.939660,-0.068268,0.494866,0.482827,0.509778,-0.274627,0.999876,0.014473,0.004857,-0.003778,0.074329,-0.035114,-0.001638,0.263846,0.047419,-0.021971,0.000076,0.093854,-0.283186,-0.042471
38240.130844,0,-0.889189,-0.017107,0.466179,0.490759,0.476388,-0.279137,0.999818,0.018443,0.002965,-0.003909,0.079238,-0.037401,-0.001633,0.263817,0.045227,-0.018974,0.000106,0.056531,-0.360569,-0.045827
38240.230856,0,-0.838039,0.030221,0.436970,0.494713,0.434624,-0.284050,0.999734,0.022665,0.000960,-0.004043,0.083924,-0.039379,-0.001627,0.264034,0.041986,-0.015338,0.000130,0.016969,-0.443247,-0.041011
38240.330834,0,-0.786775,0.072699,0.407322,0.494469,0.384075,-0.288513,0.999623,0.027114,-0.001137,-0.004178,0.088268,-0.040979,-0.001619,0.264674,0.037472,-0.011146,0.000144,-0.024502,-0.531290,-0.021702
38240.430867,0,-0.736099,0.109236,0.377513,0.489895,0.324560,-0.291019,0.999481,0.031743,-0.003291,-0.004314,0.092118,-0.042137,-0.001611,0.265739,0.031691,-0.006763,0.000144,-0.067445,-0.624236,0.012141
38240.530868,0,-0.686814,0.138780,0.348041,0.481003,0.256261,-0.290119,0.999309,0.036485,-0.005463,-0.004448,0.095328,-0.042835,-0.001603,0.266909,0.024795,-0.002914,0.000126,-0.111142,-0.720370,0.048608
38240.630868,0,-0.639672,0.160505,0.319465,0.467974,0.179771,-0.285675,0.999109,0.041265,-0.007614,-0.004579,0.097784,-0.043136,-0.001596,0.267709,0.016531,-0.000204,0.000092,-0.154593,-0.816882,0.070221
38240.730873,0,-0.595223,0.173906,0.292168,0.451128,0.095958,-0.279310,0.998882,0.046016,-0.009716,-0.004706,0.099377,-0.043167,-0.001591,0.267937,0.006595,0.001695,0.000060,-0.196910,-0.911351,0.069687
38240.830880,0,-0.553763,0.178749,0.266220,0.430832,0.005654,-0.273216,0.998634,0.050684,-0.011756,-0.004828,0.099992,-0.043019,-0.001587,0.268123,-0.004275,0.003822,0.000044,-0.238030,-1.004124,0.066721
38240.930866,0,-0.515385,0.174922,0.241483,0.407355,-0.090716,-0.267587,0.998367,0.055234,-0.013732,-0.004946,0.099596,-0.042680,-0.001585,0.271964,-0.014215,0.006385,0.000043,-0.281696,-1.109536,0.197482
38241.030958,0,-0.479942,0.162145,0.218205,0.380384,-0.194865,-0.250336,0.998083,0.059667,-0.015653,-0.005061,0.098313,-0.042117,-0.001583,0.295677,-0.020295,0.008299,0.000045,-0.348796,-1.302582,1.057646
