timestamp,solve_num,coord_mode,x,y,z,vx,vy,vz,qw,qx,qy,qz,wx,wy,wz,abs_x,abs_y,abs_z,abs_vx,abs_vy,abs_vz,abs_qw,abs_qx,abs_qy,abs_qz,abs_wx,abs_wy,abs_wz,rel_x,rel_y,rel_z,rel_vx,rel_vy,rel_vz,rel_qw,rel_qx,rel_qy,rel_qz,rel_wx,rel_wy,rel_wz,tgt_x,tgt_y,tgt_z,tgt_vx,tgt_vy,tgt_vz
21579.621124,0,absolute,-0.000765,0.016403,1.960938,-0.007797,-0.050018,-0.019211,0.999983,0.003277,0.001840,0.004404,0.001856,0.012263,-0.002497,-0.000765,0.016403,1.960938,-0.007797,-0.050018,-0.019211,0.999983,0.003277,0.001840,0.004404,0.001856,0.012263,-0.002497,-0.952203,0.250946,1.446144,-0.007797,-0.050018,-0.019211,0.999983,0.003277,0.001840,0.004404,0.001856,0.012263,-0.002497,0.951438,-0.234543,0.514794,0.000000,0.000000,0.000000
21579.720967,0,absolute,-0.000562,0.015717,1.958984,-0.002853,-0.044647,-0.050323,0.999847,0.006672,-0.015574,0.004459,0.219121,1.210822,-0.007163,-0.000562,0.015717,1.958984,-0.002853,-0.044647,-0.050323,0.999847,0.006672,-0.015574,0.004459,0.219121,1.210822,-0.007163,-0.952008,0.250282,1.444177,-0.002853,-0.044647,-0.050323,0.999847,0.006672,-0.015574,0.004459,0.219121,1.210822,-0.007163,0.951446,-0.234565,0.514807,0.000000,0.000000,0.000000
21579.820923,0,absolute,0.002712,0.013252,1.944336,0.076782,-0.055206,-0.248291,0.998948,0.008124,-0.044987,0.003713,-0.055155,-0.278844,-0.029487,0.002712,0.013252,1.944336,0.076782,-0.055206,-0.248291,0.998948,0.008124,-0.044987,0.003713,-0.055155,-0.278844,-0.029487,-0.948729,0.247793,1.429542,0.076782,-0.055206,-0.248291,0.998948,0.008124,-0.044987,0.003713,-0.055155,-0.278844,-0.029487,0.951441,-0.234540,0.514794,0.000000,0.000000,0.000000
21579.920958,0,absolute,0.012436,0.012878,1.908203,0.143799,-0.052124,-0.442139,0.999557,0.004876,-0.029359,0.000985,-0.012178,-0.203849,0.007163,0.012436,0.012878,1.908203,0.143799,-0.052124,-0.442139,0.999557,0.004876,-0.029359,0.000985,-0.012178,-0.203849,0.007163,-0.939001,0.247465,1.393407,0.143799,-0.052124,-0.442139,0.999557,0.004876,-0.029359,0.000985,-0.012178,-0.203849,0.007163,0.951437,-0.234587,0.514796,0.000000,0.000000,0.000000
21580.020915,0,absolute,0.021240,0.011154,1.874023,0.163330,-0.053101,-0.510742,0.999875,0.003406,-0.015369,0.001144,-0.039474,-0.509418,0.041554,0.021240,0.011154,1.874023,0.163330,-0.053101,-0.510742,0.999875,0.003406,-0.015369,0.001144,-0.039474,-0.509418,0.041554,-0.930200,0.245702,1.359232,0.163330,-0.053101,-0.510742,0.999875,0.003406,-0.015369,0.001144,-0.039474,-0.509418,0.041554,0.951440,-0.234548,0.514792,0.000000,0.000000,0.000000
21580.120993,0,absolute,0.039642,0.007912,1.810547,0.143921,-0.044128,-0.433105,0.999990,0.002041,0.002450,0.003231,0.080858,-0.072131,0.039031,0.039642,0.007912,1.810547,0.143921,-0.044128,-0.433105,0.999990,0.002041,0.002450,0.003231,0.080858,-0.072131,0.039031,-0.911801,0.242467,1.295757,0.143921,-0.044128,-0.433105,0.999990,0.002041,0.002450,0.003231,0.080858,-0.072131,0.039031,0.951443,-0.234555,0.514790,0.000000,0.000000,0.000000
21580.220982,0,absolute,0.053528,0.006226,1.769531,0.129272,-0.042114,-0.345459,0.999956,0.002866,0.007560,0.004652,0.062484,0.000854,0.046224,0.053528,0.006226,1.769531,0.129272,-0.042114,-0.345459,0.999956,0.002866,0.007560,0.004652,0.062484,0.000854,0.046224,-0.897913,0.240771,1.254738,0.129272,-0.042114,-0.345459,0.999956,0.002866,0.007560,0.004652,0.062484,0.000854,0.046224,0.951441,-0.234546,0.514794,0.000000,0.000000,0.000000
21580.320967,0,absolute,0.065186,0.004463,1.740234,0.113342,-0.041595,-0.238037,0.999950,0.005732,0.005934,0.005629,0.091016,0.131718,0.025055,0.065186,0.004463,1.740234,0.113342,-0.041595,-0.238037,0.999950,0.005732,0.005934,0.005629,0.091016,0.131718,0.025055,-0.886251,0.239011,1.225443,0.113342,-0.041595,-0.238037,0.999950,0.005732,0.005934,0.005629,0.091016,0.131718,0.025055,0.951437,-0.234548,0.514792,0.000000,0.000000,0.000000
21580.420945,0,absolute,0.076355,0.003332,1.719727,0.107605,-0.047302,-0.182495,0.999937,0.009543,0.000373,0.005945,0.080449,0.146989,0.011104,0.076355,0.003332,1.719727,0.107605,-0.047302,-0.182495,0.999937,0.009543,0.000373,0.005945,0.080449,0.146989,0.011104,-0.875077,0.237909,1.204947,0.107605,-0.047302,-0.182495,0.999937,0.009543,0.000373,0.005945,0.080449,0.146989,0.011104,0.951432,-0.234577,0.514779,0.000000,0.000000,0.000000
21580.520933,0,absolute,0.087708,0.001494,1.700195,0.113953,-0.055450,-0.193359,0.999914,0.010689,-0.004515,0.006154,0.069540,0.108197,0.011735,0.087708,0.001494,1.700195,0.113953,-0.055450,-0.193359,0.999914,0.010689,-0.004515,0.006154,0.069540,0.108197,0.011735,-0.863715,0.236018,1.185423,0.113953,-0.055450,-0.193359,0.999914,0.010689,-0.004515,0.006154,0.069540,0.108197,0.011735,0.951423,-0.234524,0.514772,0.000000,0.000000,0.000000
21580.620914,0,absolute,0.099304,-0.003267,1.676758,0.122925,-0.070435,-0.242188,0.999924,0.009328,-0.004613,0.006622,-0.061496,0.014607,0.023044,0.099304,-0.003267,1.676758,0.122925,-0.070435,-0.242188,0.999924,0.009328,-0.004613,0.006622,-0.061496,0.014607,0.023044,-0.852130,0.231298,1.161966,0.122925,-0.070435,-0.242188,0.999924,0.009328,-0.004613,0.006622,-0.061496,0.014607,0.023044,0.951434,-0.234565,0.514792,0.000000,0.000000,0.000000
21580.720957,0,absolute,0.112061,-0.008163,1.649414,0.128174,-0.075317,-0.282959,0.999956,0.004918,-0.002378,0.007652,-0.016081,-0.018698,0.025737,0.112061,-0.008163,1.649414,0.128174,-0.075317,-0.282959,0.999956,0.004918,-0.002378,0.007652,-0.016081,-0.018698,0.025737,-0.839382,0.226411,1.134614,0.128174,-0.075317,-0.282959,0.999956,0.004918,-0.002378,0.007652,-0.016081,-0.018698,0.025737,0.951442,-0.234575,0.514800,0.000000,0.000000,0.000000
21580.820959,0,absolute,0.124451,-0.014397,1.620117,0.126831,-0.074951,-0.289795,0.999964,0.000994,0.000311,0.008466,-0.032964,0.004628,0.019686,0.124451,-0.014397,1.620117,0.126831,-0.074951,-0.289795,0.999964,0.000994,0.000311,0.008466,-0.032964,0.004628,0.019686,-0.826985,0.220159,1.105319,0.126831,-0.074951,-0.289795,0.999964,0.000994,0.000311,0.008466,-0.032964,0.004628,0.019686,0.951436,-0.234556,0.514798,0.000000,0.000000,0.000000
21580.920967,0,absolute,0.136719,-0.020035,1.592773,0.123352,-0.068726,-0.263672,0.999957,-0.001102,0.001149,0.009103,0.002024,0.020777,0.021305,0.136719,-0.020035,1.592773,0.123352,-0.068726,-0.263672,0.999957,-0.001102,0.001149,0.009103,0.002024,0.020777,0.021305,-0.814708,0.214509,1.078004,0.123352,-0.068726,-0.263672,0.999957,-0.001102,0.001149,0.009103,0.002024,0.020777,0.021305,0.951427,-0.234544,0.514770,0.000000,0.000000,0.000000
21581.020980,0,absolute,0.148315,-0.025421,1.568359,0.118347,-0.062622,-0.232422,0.999952,-0.001480,0.001071,0.009666,-0.001516,0.080176,0.015365,0.148315,-0.025421,1.568359,0.118347,-0.062622,-0.232422,0.999952,-0.001480,0.001071,0.009666,-0.001516,0.080176,0.015365,-0.803126,0.209143,1.053556,0.118347,-0.062622,-0.232422,0.999952,-0.001480,0.001071,0.009666,-0.001516,0.080176,0.015365,0.951441,-0.234564,0.514803,0.000000,0.000000,0.000000
21581.120967,0,absolute,0.160156,-0.029922,1.545898,0.117371,-0.056549,-0.213501,0.999954,-0.000847,-0.000153,0.009544,0.045338,0.072268,-0.004943,0.160156,-0.029922,1.545898,0.117371,-0.056549,-0.213501,0.999954,-0.000847,-0.000153,0.009544,0.045338,0.072268,-0.004943,-0.791285,0.204629,1.031104,0.117371,-0.056549,-0.213501,0.999954,-0.000847,-0.000153,0.009544,0.045338,0.072268,-0.004943,0.951442,-0.234551,0.514794,0.000000,0.000000,0.000000
21581.220999,0,absolute,0.172241,-0.033966,1.525391,0.120056,-0.052124,-0.206909,0.999955,-0.000063,-0.001738,0.009357,0.060780,0.022140,-0.007163,0.172241,-0.033966,1.525391,0.120056,-0.052124,-0.206909,0.999955,-0.000063,-0.001738,0.009357,0.060780,0.022140,-0.007163,-0.779194,0.200586,1.010614,0.120056,-0.052124,-0.206909,0.999955,-0.000063,-0.001738,0.009357,0.060780,0.022140,-0.007163,0.951436,-0.234552,0.514777,0.000000,0.000000,0.000000
21581.320971,0,absolute,0.184814,-0.037598,1.503906,0.125244,-0.048920,-0.214355,0.999957,0.001007,-0.002588,0.008831,0.053383,0.052769,0.006259,0.184814,-0.037598,1.503906,0.125244,-0.048920,-0.214355,0.999957,0.001007,-0.002588,0.008831,0.053383,0.052769,0.006259,-0.766612,0.196981,0.989126,0.125244,-0.048920,-0.214355,0.999957,0.001007,-0.002588,0.008831,0.053383,0.052769,0.006259,0.951426,-0.234579,0.514780,0.000000,0.000000,0.000000
21581.420930,0,absolute,0.196777,-0.041962,1.481445,0.125732,-0.051849,-0.226196,0.999958,0.002026,-0.001042,0.008848,0.030407,0.025941,0.006596,0.196777,-0.041962,1.481445,0.125732,-0.051849,-0.226196,0.999958,0.002026,-0.001042,0.008848,0.030407,0.025941,0.006596,-0.754640,0.192595,0.966686,0.125732,-0.051849,-0.226196,0.999958,0.002026,-0.001042,0.008848,0.030407,0.025941,0.006596,0.951417,-0.234557,0.514760,0.000000,0.000000,0.000000
21581.520953,0,absolute,0.209717,-0.045593,1.458008,0.126953,-0.050903,-0.229004,0.999958,0.001132,-0.000040,0.009144,0.026299,-0.013712,0.020947,0.209717,-0.045593,1.458008,0.126953,-0.050903,-0.229004,0.999958,0.001132,-0.000040,0.009144,0.026299,-0.013712,0.020947,-0.741719,0.188966,0.943230,0.126953,-0.050903,-0.229004,0.999958,0.001132,-0.000040,0.009144,0.026299,-0.013712,0.020947,0.951436,-0.234560,0.514778,0.000000,0.000000,0.000000
21581.621018,0,absolute,0.221924,-0.049286,1.436523,0.123596,-0.049225,-0.221436,0.999957,0.000487,0.001041,0.009254,0.014454,0.031719,-0.005965,0.221924,-0.049286,1.436523,0.123596,-0.049225,-0.221436,0.999957,0.000487,0.001041,0.009254,0.014454,0.031719,-0.005965,-0.729509,0.185273,0.921749,0.123596,-0.049225,-0.221436,0.999957,0.000487,0.001041,0.009254,0.014454,0.031719,-0.005965,0.951433,-0.234559,0.514775,0.000000,0.000000,0.000000
21581.720981,0,absolute,0.233887,-0.053192,1.415039,0.120789,-0.047028,-0.205566,0.999961,0.000118,0.000262,0.008786,0.041077,0.053621,0.000696,0.233887,-0.053192,1.415039,0.120789,-0.047028,-0.205566,0.999961,0.000118,0.000262,0.008786,0.041077,0.053621,0.000696,-0.717553,0.181380,0.900247,0.120789,-0.047028,-0.205566,0.999961,0.000118,0.000262,0.008786,0.041077,0.053621,0.000696,0.951440,-0.234572,0.514793,0.000000,0.000000,0.000000
21581.820994,0,absolute,0.246094,-0.056305,1.394531,0.122314,-0.044159,-0.195557,0.999962,0.000772,-0.001215,0.008561,0.047997,0.068484,-0.003903,0.246094,-0.056305,1.394531,0.122314,-0.044159,-0.195557,0.999962,0.000772,-0.001215,0.008561,0.047997,0.068484,-0.003903,-0.705335,0.178274,0.879741,0.122314,-0.044159,-0.195557,0.999962,0.000772,-0.001215,0.008561,0.047997,0.068484,-0.003903,0.951429,-0.234579,0.514791,0.000000,0.000000,0.000000
21581.921055,0,absolute,0.258057,-0.059570,1.375977,0.123840,-0.045929,-0.195801,0.999962,0.001884,-0.001738,0.008376,0.029180,0.067870,0.001866,0.258057,-0.059570,1.375977,0.123840,-0.045929,-0.195801,0.999962,0.001884,-0.001738,0.008376,0.029180,0.067870,0.001866,-0.693397,0.175014,0.861176,0.123840,-0.045929,-0.195801,0.999962,0.001884,-0.001738,0.008376,0.029180,0.067870,0.001866,0.951454,-0.234585,0.514801,0.000000,0.000000,0.000000
21582.020941,0,absolute,0.270020,-0.063416,1.355469,0.126221,-0.047638,-0.210083,0.999962,0.001408,-0.001448,0.008439,0.021101,0.045304,-0.000099,0.270020,-0.063416,1.355469,0.126221,-0.047638,-0.210083,0.999962,0.001408,-0.001448,0.008439,0.021101,0.045304,-0.000099,-0.681429,0.171134,0.840688,0.126221,-0.047638,-0.210083,0.999962,0.001408,-0.001448,0.008439,0.021101,0.045304,-0.000099,0.951448,-0.234549,0.514781,0.000000,0.000000,0.000000
21582.120996,0,absolute,0.282715,-0.066528,1.333984,0.127808,-0.046844,-0.218384,0.999966,0.000657,-0.000706,0.008148,0.032674,-0.011232,0.008390,0.282715,-0.066528,1.333984,0.127808,-0.046844,-0.218384,0.999966,0.000657,-0.000706,0.008148,0.032674,-0.011232,0.008390,-0.668716,0.167998,0.819226,0.127808,-0.046844,-0.218384,0.999966,0.000657,-0.000706,0.008148,0.032674,-0.011232,0.008390,0.951430,-0.234527,0.514759,0.000000,0.000000,0.000000
21582.220963,0,absolute,0.295166,-0.069580,1.311523,0.127686,-0.044830,-0.217773,0.999970,0.000532,-0.000271,0.007683,0.015536,0.053826,-0.002190,0.295166,-0.069580,1.311523,0.127686,-0.044830,-0.217773,0.999970,0.000532,-0.000271,0.007683,0.015536,0.053826,-0.002190,-0.656261,0.164976,0.796770,0.127686,-0.044830,-0.217773,0.999970,0.000532,-0.000271,0.007683,0.015536,0.053826,-0.002190,0.951427,-0.234556,0.514754,0.000000,0.000000,0.000000
21582.320932,0,absolute,0.307861,-0.072144,1.291016,0.127197,-0.042847,-0.201782,0.999969,0.001543,0.000039,0.007666,0.035929,0.052019,0.013448,0.307861,-0.072144,1.291016,0.127197,-0.042847,-0.201782,0.999969,0.001543,0.000039,0.007666,0.035929,0.052019,0.013448,-0.643582,0.162424,0.776228,0.127197,-0.042847,-0.201782,0.999969,0.001543,0.000039,0.007666,0.035929,0.052019,0.013448,0.951443,-0.234568,0.514788,0.000000,0.000000,0.000000
21582.420961,0,absolute,0.320068,-0.074585,1.271484,0.126953,-0.042572,-0.184204,0.999967,0.002579,-0.000354,0.007667,0.036611,0.031822,0.006762,0.320068,-0.074585,1.271484,0.126953,-0.042572,-0.184204,0.999967,0.002579,-0.000354,0.007667,0.036611,0.031822,0.006762,-0.631372,0.159966,0.756709,0.126953,-0.042572,-0.184204,0.999967,0.002579,-0.000354,0.007667,0.036611,0.031822,0.006762,0.951441,-0.234551,0.514776,0.000000,0.000000,0.000000
21582.520991,0,absolute,0.332520,-0.076965,1.252930,0.126709,-0.044189,-0.181641,0.999966,0.003258,-0.000358,0.007552,0.036747,0.043701,0.012570,0.332520,-0.076965,1.252930,0.126709,-0.044189,-0.181641,0.999966,0.003258,-0.000358,0.007552,0.036747,0.043701,0.012570,-0.618921,0.157604,0.738150,0.126709,-0.044189,-0.181641,0.999966,0.003258,-0.000358,0.007552,0.036747,0.043701,0.012570,0.951441,-0.234569,0.514780,0.000000,0.000000,0.000000
21582.620955,0,absolute,0.344727,-0.079346,1.235352,0.126709,-0.045593,-0.186646,0.999968,0.003700,-0.000829,0.006983,0.026504,0.027816,0.003500,0.344727,-0.079346,1.235352,0.126709,-0.045593,-0.186646,0.999968,0.003700,-0.000829,0.006983,0.026504,0.027816,0.003500,-0.606704,0.155207,0.720578,0.126709,-0.045593,-0.186646,0.999968,0.003700,-0.000829,0.006983,0.026504,0.027816,0.003500,0.951430,-0.234553,0.514774,0.000000,0.000000,0.000000
21582.720979,0,absolute,0.356934,-0.082031,1.215820,0.126465,-0.047607,-0.195801,0.999970,0.003774,-0.000373,0.006794,0.001335,0.027714,0.012954,0.356934,-0.082031,1.215820,0.126465,-0.047607,-0.195801,0.999970,0.003774,-0.000373,0.006794,0.001335,0.027714,0.012954,-0.594494,0.152543,0.701040,0.126465,-0.047607,-0.195801,0.999970,0.003774,-0.000373,0.006794,0.001335,0.027714,0.012954,0.951427,-0.234575,0.514781,0.000000,0.000000,0.000000
21582.820966,0,absolute,0.369141,-0.084961,1.196289,0.125854,-0.049896,-0.199463,0.999972,0.003383,0.000017,0.006720,-0.002141,0.045985,0.007376,0.369141,-0.084961,1.196289,0.125854,-0.049896,-0.199463,0.999972,0.003383,0.000017,0.006720,-0.002141,0.045985,0.007376,-0.582294,0.149615,0.681507,0.125854,-0.049896,-0.199463,0.999972,0.003383,0.000017,0.006720,-0.002141,0.045985,0.007376,0.951435,-0.234576,0.514782,0.000000,0.000000,0.000000
21582.921029,0,absolute,0.375244,-0.086609,1.185547,0.125244,-0.050873,-0.199219,0.999974,0.002593,0.000617,0.006748,-0.042338,-0.073290,0.015306,0.375244,-0.086609,1.185547,0.125244,-0.050873,-0.199219,0.999974,0.002593,0.000617,0.006748,-0.042338,-0.073290,0.015306,-0.576193,0.147931,0.670762,0.125244,-0.050873,-0.199219,0.999974,0.002593,0.000617,0.006748,-0.042338,-0.073290,0.015306,0.951437,-0.234539,0.514785,0.000000,0.000000,0.000000
21583.020984,0,absolute,0.392822,-0.090881,1.157227,0.104370,-0.042633,-0.166870,0.999939,0.005004,-0.006358,0.007569,0.039270,0.145080,0.012570,0.392822,-0.090881,1.157227,0.104370,-0.042633,-0.166870,0.999939,0.005004,-0.006358,0.007569,0.039270,0.145080,0.012570,-0.558633,0.143695,0.642442,0.104370,-0.042633,-0.166870,0.999939,0.005004,-0.006358,0.007569,0.039270,0.145080,0.012570,0.951455,-0.234576,0.514785,0.000000,0.000000,0.000000
21583.120976,0,absolute,0.406006,-0.094360,1.135742,0.121094,-0.049255,-0.195679,0.999956,0.003704,-0.004107,0.007583,-0.000799,0.006179,0.021510,0.406006,-0.094360,1.135742,0.121094,-0.049255,-0.195679,0.999956,0.003704,-0.004107,0.007583,-0.000799,0.006179,0.021510,-0.545441,0.140194,0.620991,0.121094,-0.049255,-0.195679,0.999956,0.003704,-0.004107,0.007583,-0.000799,0.006179,0.021510,0.951447,-0.234555,0.514752,0.000000,0.000000,0.000000
21583.220960,0,absolute,0.419678,-0.097900,1.114258,0.123718,-0.048767,-0.186279,0.999969,0.000499,0.001774,0.007592,-0.005352,-0.079903,0.019158,0.419678,-0.097900,1.114258,0.123718,-0.048767,-0.186279,0.999969,0.000499,0.001774,0.007592,-0.005352,-0.079903,0.019158,-0.531765,0.136673,0.599473,0.123718,-0.048767,-0.186279,0.999969,0.000499,0.001774,0.007592,-0.005352,-0.079903,0.019158,0.951442,-0.234574,0.514785,0.000000,0.000000,0.000000
21583.320988,0,absolute,0.433594,-0.101257,1.093750,0.126465,-0.048218,-0.177612,0.999969,0.000956,0.001516,0.007617,-0.014564,-0.039031,0.004227,0.433594,-0.101257,1.093750,0.126465,-0.048218,-0.177612,0.999969,0.000956,0.001516,0.007617,-0.014564,-0.039031,0.004227,-0.517855,0.133303,0.578973,0.126465,-0.048218,-0.177612,0.999969,0.000956,0.001516,0.007617,-0.014564,-0.039031,0.004227,0.951449,-0.234560,0.514777,0.000000,0.000000,0.000000
21583.420937,0,absolute,0.447021,-0.104187,1.076172,0.123657,-0.045624,-0.162964,0.999967,0.000860,0.003283,0.007377,0.050519,0.027475,0.009451,0.447021,-0.104187,1.076172,0.123657,-0.045624,-0.162964,0.999967,0.000860,0.003283,0.007377,0.050519,0.027475,0.009451,-0.504416,0.130374,0.561387,0.123657,-0.045624,-0.162964,0.999967,0.000860,0.003283,0.007377,0.050519,0.027475,0.009451,0.951437,-0.234561,0.514785,0.000000,0.000000,0.000000
21583.521028,0,absolute,0.459717,-0.106750,1.059570,0.119812,-0.043213,-0.152466,0.999968,0.001330,0.003316,0.007171,0.056450,0.021356,0.000187,0.459717,-0.106750,1.059570,0.119812,-0.043213,-0.152466,0.999968,0.001330,0.003316,0.007171,0.056450,0.021356,0.000187,-0.491736,0.127789,0.544773,0.119812,-0.043213,-0.152466,0.999968,0.001330,0.003316,0.007171,0.056450,0.021356,0.000187,0.951453,-0.234540,0.514797,0.000000,0.000000,0.000000
21583.620953,0,absolute,0.471680,-0.109009,1.043945,0.114746,-0.041870,-0.154663,0.999967,0.002549,0.002901,0.007083,0.026589,0.067734,0.003015,0.471680,-0.109009,1.043945,0.114746,-0.041870,-0.154663,0.999967,0.002549,0.002901,0.007083,0.026589,0.067734,0.003015,-0.479764,0.125534,0.529159,0.114746,-0.041870,-0.154663,0.999967,0.002549,0.002901,0.007083,0.026589,0.067734,0.003015,0.951443,-0.234542,0.514786,0.000000,0.000000,0.000000
21583.720980,0,absolute,0.481934,-0.110779,1.029297,0.111145,-0.042175,-0.166870,0.999968,0.002965,0.002159,0.007105,0.034378,0.048747,0.003483,0.481934,-0.110779,1.029297,0.111145,-0.042175,-0.166870,0.999968,0.002965,0.002159,0.007105,0.034378,0.048747,0.003483,-0.469483,0.123760,0.514568,0.111145,-0.042175,-0.166870,0.999968,0.002965,0.002159,0.007105,0.034378,0.048747,0.003483,0.951417,-0.234539,0.514729,0.000000,0.000000,0.000000
21583.821035,0,absolute,0.493896,-0.113464,1.010742,0.108521,-0.044525,-0.181885,0.999965,0.003824,0.000973,0.007368,0.019891,0.075881,0.010431,0.493896,-0.113464,1.010742,0.108521,-0.044525,-0.181885,0.999965,0.003824,0.000973,0.007368,0.019891,0.075881,0.010431,-0.457507,0.121086,0.495984,0.108521,-0.044525,-0.181885,0.999965,0.003824,0.000973,0.007368,0.019891,0.075881,0.010431,0.951403,-0.234550,0.514758,0.000000,0.000000,0.000000
21583.920966,0,absolute,0.504395,-0.115845,0.992188,0.107361,-0.045868,-0.188110,0.999965,0.003625,0.000116,0.007482,0.020777,0.049871,-0.001424,0.504395,-0.115845,0.992188,0.107361,-0.045868,-0.188110,0.999965,0.003625,0.000116,0.007482,0.020777,0.049871,-0.001424,-0.447016,0.118722,0.477470,0.107361,-0.045868,-0.188110,0.999965,0.003625,0.000116,0.007482,0.020777,0.049871,-0.001424,0.951411,-0.234567,0.514718,0.000000,0.000000,0.000000
21584.020944,0,absolute,0.514648,-0.118408,0.973633,0.105591,-0.046936,-0.182983,0.999966,0.003530,-0.000518,0.007425,0.024646,0.089039,-0.004653,0.514648,-0.118408,0.973633,0.105591,-0.046936,-0.182983,0.999966,0.003530,-0.000518,0.007425,0.024646,0.089039,-0.004653,-0.436768,0.116137,0.458912,0.105591,-0.046936,-0.182983,0.999966,0.003530,-0.000518,0.007425,0.024646,0.089039,-0.004653,0.951417,-0.234545,0.514721,0.000000,0.000000,0.000000
21584.120936,0,absolute,0.524902,-0.121155,0.955566,0.108032,-0.048737,-0.177612,0.999963,0.004110,-0.002132,0.007291,0.033492,0.062689,0.003377,0.524902,-0.121155,0.955566,0.108032,-0.048737,-0.177612,0.999963,0.004110,-0.002132,0.007291,0.033492,0.062689,0.003377,-0.426517,0.113383,0.440845,0.108032,-0.048737,-0.177612,0.999963,0.004110,-0.002132,0.007291,0.033492,0.062689,0.003377,0.951420,-0.234538,0.514722,0.000000,0.000000,0.000000
21584.220964,0,absolute,0.535645,-0.124084,0.938477,0.112000,-0.051941,-0.170166,0.999960,0.004304,-0.002314,0.007445,0.021834,0.031003,0.010883,0.535645,-0.124084,0.938477,0.112000,-0.051941,-0.170166,0.999960,0.004304,-0.002314,0.007445,0.021834,0.031003,0.010883,-0.415746,0.110461,0.423780,0.112000,-0.051941,-0.170166,0.999960,0.004304,-0.002314,0.007445,0.021834,0.031003,0.010883,0.951391,-0.234545,0.514696,0.000000,0.000000,0.000000
21584.320958,0,absolute,0.546387,-0.127319,0.921875,0.114685,-0.053436,-0.161377,0.999958,0.004316,-0.002477,0.007693,0.022515,0.047894,0.000446,0.546387,-0.127319,0.921875,0.114685,-0.053436,-0.161377,0.999958,0.004316,-0.002477,0.007693,0.022515,0.047894,0.000446,-0.405024,0.107228,0.407179,0.114685,-0.053436,-0.161377,0.999958,0.004316,-0.002477,0.007693,0.022515,0.047894,0.000446,0.951411,-0.234547,0.514696,0.000000,0.000000,0.000000
21584.420964,0,absolute,0.558105,-0.130859,0.905762,0.119690,-0.055634,-0.163208,0.999961,0.003199,-0.002598,0.007768,0.042917,0.053758,-0.002919,0.558105,-0.130859,0.905762,0.119690,-0.055634,-0.163208,0.999961,0.003199,-0.002598,0.007768,0.042917,0.053758,-0.002919,-0.393304,0.103696,0.391043,0.119690,-0.055634,-0.163208,0.999961,0.003199,-0.002598,0.007768,0.042917,0.053758,-0.002919,0.951409,-0.234556,0.514719,0.000000,0.000000,0.000000
21584.520950,0,absolute,0.570312,-0.134399,0.888672,0.124084,-0.055542,-0.168945,0.999969,0.002370,-0.001326,0.007349,0.013985,0.038452,-0.005757,0.570312,-0.134399,0.888672,0.124084,-0.055542,-0.168945,0.999969,0.002370,-0.001326,0.007349,0.013985,0.038452,-0.005757,-0.381046,0.100159,0.373979,0.124084,-0.055542,-0.168945,0.999969,0.002370,-0.001326,0.007349,0.013985,0.038452,-0.005757,0.951358,-0.234559,0.514693,0.000000,0.000000,0.000000
21584.620939,0,absolute,0.579102,-0.136963,0.876953,0.126587,-0.055847,-0.168213,0.999971,0.002374,-0.001249,0.007132,-0.002333,-0.013295,-0.000388,0.579102,-0.136963,0.876953,0.126587,-0.055847,-0.168213,0.999971,0.002374,-0.001249,0.007132,-0.002333,-0.013295,-0.000388,-0.372232,0.097601,0.362287,0.126587,-0.055847,-0.168213,0.999971,0.002374,-0.001249,0.007132,-0.002333,-0.013295,-0.000388,0.951334,-0.234564,0.514666,0.000000,0.000000,0.000000
21584.721030,0,absolute,0.594727,-0.140991,0.856445,0.123413,-0.052734,-0.159424,0.999969,0.003336,-0.002135,0.006761,0.061087,0.122787,-0.005186,0.594727,-0.140991,0.856445,0.123413,-0.052734,-0.159424,0.999969,0.003336,-0.002135,0.006761,0.061087,0.122787,-0.005186,-0.356605,0.093601,0.341794,0.123413,-0.052734,-0.159424,0.999969,0.003336,-0.002135,0.006761,0.061087,0.122787,-0.005186,0.951331,-0.234592,0.514651,0.000000,0.000000,0.000000
21584.820994,0,absolute,0.607910,-0.144653,0.838867,0.132080,-0.056549,-0.172363,0.999969,0.003757,-0.002047,0.006544,0.006008,0.015468,0.004726,0.607910,-0.144653,0.838867,0.132080,-0.056549,-0.172363,0.999969,0.003757,-0.002047,0.006544,0.006008,0.015468,0.004726,-0.343408,0.089915,0.324224,0.132080,-0.056549,-0.172363,0.999969,0.003757,-0.002047,0.006544,0.006008,0.015468,0.004726,0.951318,-0.234569,0.514643,0.000000,0.000000,0.000000
21584.920987,0,absolute,0.622070,-0.148682,0.821289,0.137573,-0.058929,-0.175903,0.999974,0.003303,-0.000815,0.006292,0.032248,-0.010653,-0.002008,0.622070,-0.148682,0.821289,0.137573,-0.058929,-0.175903,0.999974,0.003303,-0.000815,0.006292,0.032248,-0.010653,-0.002008,-0.329260,0.085905,0.306610,0.137573,-0.058929,-0.175903,0.999974,0.003303,-0.000815,0.006292,0.032248,-0.010653,-0.002008,0.951330,-0.234587,0.514679,0.000000,0.000000,0.000000
21585.020971,0,absolute,0.636230,-0.152710,0.804199,0.139526,-0.060181,-0.164795,0.999976,0.002507,0.000491,0.006446,0.005752,0.019021,0.015817,0.636230,-0.152710,0.804199,0.139526,-0.060181,-0.164795,0.999976,0.002507,0.000491,0.006446,0.005752,0.019021,0.015817,-0.315099,0.081841,0.289532,0.139526,-0.060181,-0.164795,0.999976,0.002507,0.000491,0.006446,0.005752,0.019021,0.015817,0.951329,-0.234551,0.514667,0.000000,0.000000,0.000000
21585.120954,0,absolute,0.650391,-0.156738,0.788086,0.138794,-0.059692,-0.153076,0.999973,0.002063,0.001802,0.006818,0.023112,0.030986,-0.005322,0.650391,-0.156738,0.788086,0.138794,-0.059692,-0.153076,0.999973,0.002063,0.001802,0.006818,0.023112,0.030986,-0.005322,-0.300963,0.077821,0.273419,0.138794,-0.059692,-0.153076,0.999973,0.002063,0.001802,0.006818,0.023112,0.030986,-0.005322,0.951354,-0.234559,0.514667,0.000000,0.000000,0.000000
21585.220994,0,absolute,0.665039,-0.160767,0.772949,0.137695,-0.058472,-0.150391,0.999973,0.001758,0.001775,0.006887,0.033066,0.052701,-0.006127,0.665039,-0.160767,0.772949,0.137695,-0.058472,-0.150391,0.999973,0.001758,0.001775,0.006887,0.033066,0.052701,-0.006127,-0.286313,0.073798,0.258287,0.137695,-0.058472,-0.150391,0.999973,0.001758,0.001775,0.006887,0.033066,0.052701,-0.006127,0.951352,-0.234564,0.514662,0.000000,0.000000,0.000000
21585.320993,0,absolute,0.679199,-0.164429,0.758301,0.137329,-0.056488,-0.149292,0.999977,0.001416,0.001243,0.006526,0.064325,0.074858,-0.010252,0.679199,-0.164429,0.758301,0.137329,-0.056488,-0.149292,0.999977,0.001416,0.001243,0.006526,0.064325,0.074858,-0.010252,-0.272137,0.070154,0.243691,0.137329,-0.056488,-0.149292,0.999977,0.001416,0.001243,0.006526,0.064325,0.074858,-0.010252,0.951337,-0.234582,0.514610,0.000000,0.000000,0.000000
21585.420975,0,absolute,0.693359,-0.168091,0.743652,0.138550,-0.055511,-0.149536,0.999978,0.002278,0.000548,0.006160,0.039815,0.057200,-0.002125,0.693359,-0.168091,0.743652,0.138550,-0.055511,-0.149536,0.999978,0.002278,0.000548,0.006160,0.039815,0.057200,-0.002125,-0.258000,0.066467,0.229004,0.138550,-0.055511,-0.149536,0.999978,0.002278,0.000548,0.006160,0.039815,0.057200,-0.002125,0.951360,-0.234557,0.514648,0.000000,0.000000,0.000000
21585.520969,0,absolute,0.707520,-0.171387,0.728516,0.140503,-0.055603,-0.157227,0.999975,0.003004,0.000069,0.006323,0.018680,0.063302,-0.001714,0.707520,-0.171387,0.728516,0.140503,-0.055603,-0.157227,0.999975,0.003004,0.000069,0.006323,0.018680,0.063302,-0.001714,-0.243852,0.063174,0.213840,0.140503,-0.055603,-0.157227,0.999975,0.003004,0.000069,0.006323,0.018680,0.063302,-0.001714,0.951372,-0.234560,0.514675,0.000000,0.000000,0.000000
21585.620960,0,absolute,0.722168,-0.174805,0.712891,0.143066,-0.055725,-0.161255,0.999975,0.003144,0.000079,0.006319,0.030918,0.040736,-0.002925,0.722168,-0.174805,0.712891,0.143066,-0.055725,-0.161255,0.999975,0.003144,0.000079,0.006319,0.030918,0.040736,-0.002925,-0.229234,0.059761,0.198194,0.143066,-0.055725,-0.161255,0.999975,0.003144,0.000079,0.006319,0.030918,0.040736,-0.002925,0.951402,-0.234566,0.514697,0.000000,0.000000,0.000000
21585.721060,0,absolute,0.737305,-0.178101,0.696289,0.144897,-0.056183,-0.163818,0.999974,0.003210,0.000388,0.006437,-0.011761,0.024970,0.000601,0.737305,-0.178101,0.696289,0.144897,-0.056183,-0.163818,0.999974,0.003210,0.000388,0.006437,-0.011761,0.024970,0.000601,-0.214102,0.056491,0.181528,0.144897,-0.056183,-0.163818,0.999974,0.003210,0.000388,0.006437,-0.011761,0.024970,0.000601,0.951407,-0.234591,0.514761,0.000000,0.000000,0.000000
21585.820944,0,absolute,0.751953,-0.181274,0.680176,0.145264,-0.055847,-0.155518,0.999974,0.003182,0.001162,0.006341,-0.004738,0.039849,-0.005224,0.751953,-0.181274,0.680176,0.145264,-0.055847,-0.155518,0.999974,0.003182,0.001162,0.006341,-0.004738,0.039849,-0.005224,-0.199450,0.053293,0.165429,0.145264,-0.055847,-0.155518,0.999974,0.003182,0.001162,0.006341,-0.004738,0.039849,-0.005224,0.951403,-0.234567,0.514747,0.000000,0.000000,0.000000
21585.920964,0,absolute,0.767090,-0.184570,0.665039,0.145264,-0.055542,-0.137085,0.999974,0.003089,0.001361,0.006447,0.018868,0.023453,-0.004547,0.767090,-0.184570,0.665039,0.145264,-0.055542,-0.137085,0.999974,0.003089,0.001361,0.006447,0.018868,0.023453,-0.004547,-0.184304,0.049977,0.150301,0.145264,-0.055542,-0.137085,0.999974,0.003089,0.001361,0.006447,0.018868,0.023453,-0.004547,0.951393,-0.234547,0.514738,0.000000,0.000000,0.000000
21586.020956,0,absolute,0.781738,-0.187622,0.651855,0.144775,-0.055359,-0.124084,0.999972,0.003850,0.001361,0.006305,0.033696,0.064700,-0.006715,0.781738,-0.187622,0.651855,0.144775,-0.055359,-0.124084,0.999972,0.003850,0.001361,0.006305,0.033696,0.064700,-0.006715,-0.169661,0.046941,0.137120,0.144775,-0.055359,-0.124084,0.999972,0.003850,0.001361,0.006305,0.033696,0.064700,-0.006715,0.951399,-0.234563,0.514736,0.000000,0.000000,0.000000
21586.120980,0,absolute,0.796875,-0.190796,0.639160,0.144775,-0.056274,-0.128052,0.999974,0.004046,0.001489,0.005840,0.021851,0.045815,0.000780,0.796875,-0.190796,0.639160,0.144775,-0.056274,-0.128052,0.999974,0.004046,0.001489,0.005840,0.021851,0.045815,0.000780,-0.154507,0.043769,0.124391,0.144775,-0.056274,-0.128052,0.999974,0.004046,0.001489,0.005840,0.021851,0.045815,0.000780,0.951382,-0.234565,0.514769,0.000000,0.000000,0.000000
21586.220962,0,absolute,0.812012,-0.194214,0.625977,0.143799,-0.057617,-0.136841,0.999972,0.003954,0.002139,0.005957,0.022123,0.028123,-0.002638,0.812012,-0.194214,0.625977,0.143799,-0.057617,-0.136841,0.999972,0.003954,0.002139,0.005957,0.022123,0.028123,-0.002638,-0.139402,0.040315,0.111219,0.143799,-0.057617,-0.136841,0.999972,0.003954,0.002139,0.005957,0.022123,0.028123,-0.002638,0.951414,-0.234529,0.514757,0.000000,0.000000,0.000000
21586.320950,0,absolute,0.826660,-0.197388,0.612305,0.141846,-0.057098,-0.139282,0.999971,0.003828,0.002982,0.005830,0.021237,0.027595,-0.005237,0.826660,-0.197388,0.612305,0.141846,-0.057098,-0.139282,0.999971,0.003828,0.002982,0.005830,0.021237,0.027595,-0.005237,-0.124743,0.037160,0.097578,0.141846,-0.057098,-0.139282,0.999971,0.003828,0.002982,0.005830,0.021237,0.027595,-0.005237,0.951403,-0.234548,0.514727,0.000000,0.000000,0.000000
21586.420964,0,absolute,0.835938,-0.199585,0.603516,0.122986,-0.050568,-0.120361,0.999971,0.002617,0.004459,0.005621,-0.004299,-0.027816,0.002501,0.835938,-0.199585,0.603516,0.122986,-0.050568,-0.120361,0.999971,0.002617,0.004459,0.005621,-0.004299,-0.027816,0.002501,-0.115456,0.034945,0.088760,0.122986,-0.050568,-0.120361,0.999971,0.002617,0.004459,0.005621,-0.004299,-0.027816,0.002501,0.951393,-0.234530,0.514755,0.000000,0.000000,0.000000
21586.520962,0,absolute,0.854492,-0.203735,0.585938,0.128052,-0.053986,-0.120605,0.999974,0.004620,0.001365,0.005384,-0.017274,-0.004789,-0.004879,0.854492,-0.203735,0.585938,0.128052,-0.053986,-0.120605,0.999974,0.004620,0.001365,0.005384,-0.017274,-0.004789,-0.004879,-0.096931,0.030832,0.071174,0.128052,-0.053986,-0.120605,0.999974,0.004620,0.001365,0.005384,-0.017274,-0.004789,-0.004879,0.951423,-0.234567,0.514763,0.000000,0.000000,0.000000
21586.621149,0,absolute,0.868652,-0.206787,0.573242,0.128174,-0.055664,-0.115234,0.999974,0.004218,0.002485,0.005295,0.039815,0.024271,0.003645,0.868652,-0.206787,0.573242,0.128174,-0.055664,-0.115234,0.999974,0.004218,0.002485,0.005295,0.039815,0.024271,0.003645,-0.082765,0.027743,0.058497,0.128174,-0.055664,-0.115234,0.999974,0.004218,0.002485,0.005295,0.039815,0.024271,0.003645,0.951418,-0.234530,0.514745,0.000000,0.000000,0.000000
21586.720983,0,absolute,0.881836,-0.209839,0.561523,0.125610,-0.056396,-0.112671,0.999971,0.003657,0.004424,0.004973,0.005339,-0.009937,-0.013721,0.881836,-0.209839,0.561523,0.125610,-0.056396,-0.112671,0.999971,0.003657,0.004424,0.004973,0.005339,-0.009937,-0.013721,-0.069576,0.024683,0.046799,0.125610,-0.056396,-0.112671,0.999971,0.003657,0.004424,0.004973,0.005339,-0.009937,-0.013721,0.951412,-0.234522,0.514724,0.000000,0.000000,0.000000
21586.820976,0,absolute,0.895020,-0.212891,0.550293,0.118652,-0.055145,-0.103638,0.999964,0.003385,0.006012,0.005012,0.004985,0.002448,-0.001838,0.895020,-0.212891,0.550293,0.118652,-0.055145,-0.103638,0.999964,0.003385,0.006012,0.005012,0.004985,0.002448,-0.001838,-0.056393,0.021666,0.035548,0.118652,-0.055145,-0.103638,0.999964,0.003385,0.006012,0.005012,0.004985,0.002448,-0.001838,0.951413,-0.234557,0.514745,0.000000,0.000000,0.000000
21586.921012,0,absolute,0.906738,-0.215698,0.541016,0.108704,-0.053650,-0.092041,0.999955,0.002765,0.007446,0.005160,0.003618,0.000924,0.005233,0.906738,-0.215698,0.541016,0.108704,-0.053650,-0.092041,0.999955,0.002765,0.007446,0.005160,0.003618,0.000924,0.005233,-0.044679,0.018840,0.026282,0.108704,-0.053650,-0.092041,0.999955,0.002765,0.007446,0.005160,0.003618,0.000924,0.005233,0.951417,-0.234539,0.514733,0.000000,0.000000,0.000000
21587.021018,0,absolute,0.918945,-0.218506,0.531738,0.094971,-0.049652,-0.074097,0.999949,0.002730,0.007987,0.005474,0.004001,0.006660,0.024816,0.918945,-0.218506,0.531738,0.094971,-0.049652,-0.074097,0.999949,0.002730,0.007987,0.005474,0.004001,0.006660,0.024816,-0.032461,0.016066,0.017002,0.094971,-0.049652,-0.074097,0.999949,0.002730,0.007987,0.005474,0.004001,0.006660,0.024816,0.951406,-0.234571,0.514736,0.000000,0.000000,0.000000
21587.121103,0,absolute,0.928223,-0.220459,0.525391,0.081360,-0.041443,-0.061310,0.999949,0.002128,0.008006,0.005846,0.023419,-0.027475,0.012476,0.928223,-0.220459,0.525391,0.081360,-0.041443,-0.061310,0.999949,0.002128,0.008006,0.005846,0.023419,-0.027475,0.012476,-0.023199,0.014082,0.010682,0.081360,-0.041443,-0.061310,0.999949,0.002128,0.008006,0.005846,0.023419,-0.027475,0.012476,0.951422,-0.234541,0.514709,0.000000,0.000000,0.000000
21587.220995,0,absolute,0.935547,-0.223267,0.520508,0.061829,-0.037689,-0.048218,0.999945,0.003404,0.007891,0.005942,0.005842,0.017777,0.006008,0.935547,-0.223267,0.520508,0.061829,-0.037689,-0.048218,0.999945,0.003404,0.007891,0.005942,0.005842,0.017777,0.006008,-0.015896,0.011268,0.005751,0.061829,-0.037689,-0.048218,0.999945,0.003404,0.007891,0.005942,0.005842,0.017777,0.006008,0.951443,-0.234534,0.514757,0.000000,0.000000,0.000000
21587.321032,0,absolute,0.942383,-0.225342,0.515137,0.053833,-0.041260,-0.063232,0.999948,0.003565,0.007533,0.005874,0.012042,-0.015331,-0.004785,0.942383,-0.225342,0.515137,0.053833,-0.041260,-0.063232,0.999948,0.003565,0.007533,0.005874,0.012042,-0.015331,-0.004785,-0.009045,0.009181,0.000366,0.053833,-0.041260,-0.063232,0.999948,0.003565,0.007533,0.005874,0.012042,-0.015331,-0.004785,0.951428,-0.234523,0.514771,0.000000,0.000000,0.000000
21587.420969,0,absolute,0.949219,-0.226196,0.507812,0.042358,-0.035187,-0.079041,0.999952,0.002994,0.007610,0.005431,0.038281,-0.012630,0.008484,0.949219,-0.226196,0.507812,0.042358,-0.035187,-0.079041,0.999952,0.002994,0.007610,0.005431,0.038281,-0.012630,0.008484,-0.002197,0.008346,-0.006980,0.042358,-0.035187,-0.079041,0.999952,0.002994,0.007610,0.005431,0.038281,-0.012630,0.008484,0.951416,-0.234543,0.514793,0.000000,0.000000,0.000000
21587.521083,0,absolute,0.954102,-0.228027,0.499756,0.032379,-0.035278,-0.095459,0.999946,0.002858,0.008333,0.005472,-0.116105,-0.034600,0.007048,0.954102,-0.228027,0.499756,0.032379,-0.035278,-0.095459,0.999946,0.002858,0.008333,0.005472,-0.116105,-0.034600,0.007048,0.002676,0.006539,-0.015045,0.032379,-0.035278,-0.095459,0.999946,0.002858,0.008333,0.005472,-0.116105,-0.034600,0.007048,0.951426,-0.234567,0.514800,0.000000,0.000000,0.000000
